Gender;Age;age_ed;education;Group;answers;q_1;q_2;q_3;q_4;q_5;q_6;q_1_p;q_2_p;q_3_p;q_4_p;q_5_p;q_6_p;t_1;t_2;t_3;t_4;t_5;t_6
Женщина;18;13;неоконченное высшее;A;{3.0: ['a1', 'a1', 9913.0], 5.0: ['a2', 'a2', 8019.0], 2.0: ['a2', 'a3', 7939.0], 1.0: ['a3', 'a3', 10906.0], 4.0: ['a1', 'a1', 12476.0], 6.0: ['a2', 'a2', 9431.0]};a3;a2;a1;a1;a2;a2;1;0;1;1;1;1;10906;7939;9913;12476;8019;9431
Женщина;18;14;неоконченное высшее;A;{6.0: ['a2', 'a2', 8753.0], 2.0: ['a2', 'a3', 10192.0], 4.0: ['a1', 'a1', 11737.0], 3.0: ['a1', 'a1', 9978.0], 1.0: ['a2', 'a3', 9930.0], 5.0: ['a3', 'a2', 12158.0]};a2;a2;a1;a1;a3;a2;0;0;1;1;0;1;9930;10192;9978;11737;12158;8753
Женщина;18;11;неоконченное высшее;B;{6.0: ['a2', 'a2', 9995.0], 4.0: ['a2', 'a1', 9188.0], 2.0: ['a2', 'a3', 10064.0], 5.0: ['a2', 'a2', 9138.0], 1.0: ['a2', 'a3', 9108.0], 3.0: ['a1', 'a1', 15051.0]};a2;a2;a1;a2;a2;a2;0;0;1;0;1;1;9108;10064;15051;9188;9138;9995
Женщина;18;13;неоконченное высшее;D;{1.0: ['a2', 'a3', 15082.0], 5.0: ['a2', 'a1', 11722.0], 6.0: ['a2', 'a2', 8777.0], 3.0: ['a2', 'a3', 10143.0], 2.0: ['a2', 'a1', 9575.0], 4.0: ['a2', 'a2', 27295.0]};a2;a2;a2;a2;a2;a2;0;0;0;1;0;1;15082;9575;10143;27295;11722;8777
Мужчина;21;13;неоконченное высшее;A;{1.0: ['a3', 'a3', 23260.0], 5.0: ['a2', 'a2', 14685.0], 3.0: ['a1', 'a1', 10044.0], 2.0: ['a1', 'a3', 20021.0], 6.0: ['a2', 'a2', 8624.0], 4.0: ['a1', 'a1', 10417.0]};a3;a1;a1;a1;a2;a2;1;0;1;1;1;1;23260;20021;10044;10417;14685;8624
Мужчина;18;11;неоконченное высшее;B;{2.0: ['a3', 'a3', 26931.0], 6.0: ['a2', 'a2', 13000.0], 5.0: ['a2', 'a2', 8311.0], 4.0: ['a2', 'a1', 9951.0], 3.0: ['a1', 'a1', 8503.0], 1.0: ['a2', 'a3', 8887.0]};a2;a3;a1;a2;a2;a2;0;1;1;0;1;1;8887;26931;8503;9951;8311;13000
Женщина;19;13;высшее;C;{1.0: ['a2', 'a3', 21279.0], 3.0: ['a3', 'a3', 36767.0], 5.0: ['a2', 'a1', 10891.0], 4.0: ['a2', 'a2', 12884.0], 2.0: ['a2', 'a1', 10560.0], 6.0: ['a2', 'a2', 8836.0]};a2;a2;a3;a2;a2;a2;0;0;1;1;0;1;21279;10560;36767;12884;10891;8836
Мужчина;42;15;высшее;D;{2.0: ['a2', 'a1', 15541.0], 4.0: ['a2', 'a2', 24941.0], 6.0: ['a2', 'a2', 18428.0], 5.0: ['a1', 'a1', 42450.0], 3.0: ['a3', 'a3', 19654.0], 1.0: ['a3', 'a3', 28377.0]};a3;a2;a3;a2;a1;a2;1;0;1;1;1;1;28377;15541;19654;24941;42450;18428
Женщина;19;12;неоконченное высшее;B;{2.0: ['a3', 'a3', 13235.0], 3.0: ['a1', 'a1', 12300.0], 4.0: ['a1', 'a1', 13606.0], 5.0: ['a2', 'a2', 7116.0], 1.0: ['a2', 'a3', 10832.0], 6.0: ['a2', 'a2', 10463.0]};a2;a3;a1;a1;a2;a2;0;1;1;1;1;1;10832;13235;12300;13606;7116;10463
Мужчина;42;;неоконченное высшее;C;{6.0: ['a3', 'a2', 23433.0], 4.0: ['a2', 'a2', 11072.0], 3.0: ['a3', 'a3', 14874.0], 2.0: ['a1', 'a1', 11003.0], 5.0: ['a3', 'a1', 14297.0], 1.0: ['a3', 'a3', 18077.0]};a3;a1;a3;a2;a3;a3;1;1;1;1;0;0;18077;11003;14874;11072;14297;23433
Женщина;19;13;неоконченное высшее;D;{6.0: ['a2', 'a2', 10339.0], 2.0: ['a1', 'a1', 9297.0], 5.0: ['a2', 'a1', 7869.0], 4.0: ['a2', 'a2', 9565.0], 1.0: ['a1', 'a3', 13351.0], 3.0: ['a2', 'a3', 10315.0]};a1;a1;a2;a2;a2;a2;0;1;0;1;0;1;13351;9297;10315;9565;7869;10339
Мужчина;50;11;ученая степень;B;{4.0: ['a1', 'a1', 15876.0], 3.0: ['a1', 'a1', 15899.0], 2.0: ['a1', 'a3', 13854.0], 6.0: ['a2', 'a2', 13474.0], 1.0: ['a2', 'a3', 20268.0], 5.0: ['a3', 'a2', 17580.0]};a2;a1;a1;a1;a3;a2;0;0;1;1;0;1;20268;13854;15899;15876;17580;13474
Мужчина;49;15;высшее;C;{6.0: ['a2', 'a2', 52754.0], 4.0: ['a3', 'a2', 64537.0], 3.0: ['a3', 'a3', 12303.0], 1.0: ['a3', 'a3', 17729.0], 5.0: ['a1', 'a1', 29325.0], 2.0: ['a1', 'a1', 25227.0]};a3;a1;a3;a3;a1;a2;1;1;1;0;1;1;17729;25227;12303;64537;29325;52754
Женщина;20;13;неоконченное высшее;B;{2.0: ['a2', 'a3', 16544.0], 5.0: ['a2', 'a2', 12609.0], 4.0: ['a2', 'a1', 17628.0], 3.0: ['a1', 'a1', 13841.0], 1.0: ['a2', 'a3', 9781.0], 6.0: ['a2', 'a2', 8984.0]};a2;a2;a1;a2;a2;a2;0;0;1;0;1;1;9781;16544;13841;17628;12609;8984
Мужчина;49;19;высшее;D;{5.0: ['a2', 'a1', 39359.0], 3.0: ['a2', 'a3', 18140.0], 6.0: ['a2', 'a2', 12679.0], 1.0: ['a3', 'a3', 10399.0], 4.0: ['a2', 'a2', 14482.0], 2.0: ['a3', 'a1', 11632.0]};a3;a3;a2;a2;a2;a2;1;0;0;1;0;1;10399;11632;18140;14482;39359;12679
Женщина;20;14;неоконченное высшее;D;{1.0: ['a2', 'a3', 15688.0], 4.0: ['a2', 'a2', 14456.0], 6.0: ['a2', 'a2', 18455.0], 2.0: ['a2', 'a1', 21190.0], 5.0: ['a2', 'a1', 15288.0], 3.0: ['a2', 'a3', 10955.0]};a2;a2;a2;a2;a2;a2;0;0;0;1;0;1;15688;21190;10955;14456;15288;18455
Мужчина;49;14;высшее;C;{2.0: ['a1', 'a1', 21759.0], 6.0: ['a4', 'a2', 18304.0], 4.0: ['a2', 'a2', 12549.0], 3.0: ['a1', 'a3', 13167.0], 5.0: ['a1', 'a1', 12831.0], 1.0: ['a3', 'a3', 23024.0]};a3;a1;a1;a2;a1;a4;1;1;0;1;1;0;23024;21759;13167;12549;12831;18304
Женщина;25;18;высшее;D;{5.0: ['a3', 'a1', 14502.0], 2.0: ['a3', 'a1', 8681.0], 1.0: ['a3', 'a3', 9265.0], 6.0: ['a2', 'a2', 10158.0], 4.0: ['a3', 'a2', 9850.0], 3.0: ['a3', 'a3', 9840.0]};a3;a3;a3;a3;a3;a2;1;0;1;0;0;1;9265;8681;9840;9850;14502;10158
Женщина;20;13;неоконченное высшее;A;{2.0: ['a2', 'a3', 16893.0], 3.0: ['a1', 'a1', 8406.0], 6.0: ['a1', 'a2', 16594.0], 5.0: ['a2', 'a2', 6987.0], 1.0: ['a2', 'a3', 10019.0], 4.0: ['a2', 'a1', 40602.0]};a2;a2;a1;a2;a2;a1;0;0;1;0;1;0;10019;16893;8406;40602;6987;16594
Женщина;22;15;высшее;B;{6.0: ['a2', 'a2', 15356.0], 4.0: ['a1', 'a1', 14071.0], 2.0: ['a1', 'a3', 8203.0], 5.0: ['a1', 'a2', 8303.0], 1.0: ['a1', 'a3', 14163.0], 3.0: ['a1', 'a1', 7085.0]};a1;a1;a1;a1;a1;a2;0;0;1;1;0;1;14163;8203;7085;14071;8303;15356
Женщина;33;16;высшее;D;{4.0: ['a1', 'a2', 17503.0], 2.0: ['a1', 'a1', 13598.0], 1.0: ['a3', 'a3', 11247.0], 3.0: ['a3', 'a3', 13228.0], 5.0: ['a3', 'a1', 15805.0], 6.0: ['a2', 'a2', 11405.0]};a3;a1;a3;a1;a3;a2;1;1;1;0;0;1;11247;13598;13228;17503;15805;11405
Женщина;22;15;высшее;A;{6.0: ['a2', 'a2', 19685.0], 1.0: ['a2', 'a3', 9026.0], 3.0: ['a1', 'a1', 10743.0], 4.0: ['a3', 'a1', 14220.0], 5.0: ['a2', 'a2', 13412.0], 2.0: ['a2', 'a3', 8495.0]};a2;a2;a1;a3;a2;a2;0;0;1;0;1;1;9026;8495;10743;14220;13412;19685
Женщина;32;22;два высших;B;{3.0: ['a1', 'a1', 21405.0], 2.0: ['a1', 'a3', 13004.0], 4.0: ['a1', 'a1', 24054.0], 6.0: ['a2', 'a2', 12053.0], 1.0: ['a2', 'a3', 14476.0], 5.0: ['a2', 'a2', 10461.0]};a2;a1;a1;a1;a2;a2;0;0;1;1;1;1;14476;13004;21405;24054;10461;12053
Женщина;20;15;высшее;C;{5.0: ['a2', 'a1', 15094.0], 2.0: ['a3', 'a1', 12302.0], 6.0: ['a2', 'a2', 12240.0], 4.0: ['a2', 'a2', 12237.0], 3.0: ['a3', 'a3', 13237.0], 1.0: ['a2', 'a3', 13799.0]};a2;a3;a3;a2;a2;a2;0;0;1;1;0;1;13799;12302;13237;12237;15094;12240
Женщина;35;16;высшее;D;{2.0: ['a1', 'a1', 14747.0], 5.0: ['a1', 'a1', 13044.0], 4.0: ['a1', 'a2', 16169.0], 1.0: ['a2', 'a3', 10695.0], 6.0: ['a1', 'a2', 10805.0], 3.0: ['a2', 'a3', 13396.0]};a2;a1;a2;a1;a1;a1;0;1;0;0;1;0;10695;14747;13396;16169;13044;10805
Женщина;38;15;высшее;B;{1.0: ['a2', 'a3', 14132.0], 6.0: ['a1', 'a2', 10163.0], 4.0: ['a1', 'a1', 9312.0], 2.0: ['a2', 'a3', 10585.0], 3.0: ['a1', 'a1', 9415.0], 5.0: ['a2', 'a2', 7966.0]};a2;a2;a1;a1;a2;a1;0;0;1;1;1;0;14132;10585;9415;9312;7966;10163
Женщина;20;20;неоконченное высшее;C;{6.0: ['a2', 'a2', 10752.0], 4.0: ['a1', 'a2', 12359.0], 3.0: ['a2', 'a3', 11765.0], 5.0: ['a1', 'a1', 12617.0], 2.0: ['a2', 'a1', 18389.0], 1.0: ['a1', 'a3', 8816.0]};a1;a2;a2;a1;a1;a2;0;0;0;0;1;1;8816;18389;11765;12359;12617;10752
Женщина;36;16;высшее;D;{1.0: ['a2', 'a3', 14379.0], 6.0: ['a2', 'a2', 16211.0], 4.0: ['a2', 'a2', 21981.0], 3.0: ['a2', 'a3', 14537.0], 2.0: ['a2', 'a1', 12424.0], 5.0: ['a2', 'a1', 11454.0]};a2;a2;a2;a2;a2;a2;0;0;0;1;0;1;14379;12424;14537;21981;11454;16211
Женщина;40;19;высшее;A;{2.0: ['a1', 'a3', 12197.0], 4.0: ['a2', 'a1', 15128.0], 5.0: ['a2', 'a2', 13142.0], 1.0: ['a2', 'a3', 9953.0], 3.0: ['a2', 'a1', 11921.0], 6.0: ['a2', 'a2', 9882.0]};a2;a1;a2;a2;a2;a2;0;0;0;0;1;1;9953;12197;11921;15128;13142;9882
Женщина;39;17;средне специальное;B;{3.0: ['a1', 'a1', 53694.0], 6.0: ['a2', 'a2', 22881.0], 4.0: ['a2', 'a1', 36967.0], 2.0: ['a2', 'a3', 18638.0], 5.0: ['a2', 'a2', 13950.0], 1.0: ['a2', 'a3', 13814.0]};a2;a2;a1;a2;a2;a2;0;0;1;0;1;1;13814;18638;53694;36967;13950;22881
Женщина;22;15;высшее;C;{2.0: ['a3', 'a1', 19700.0], 5.0: ['a3', 'a1', 10814.0], 1.0: ['a3', 'a3', 11300.0], 3.0: ['a1', 'a3', 7718.0], 6.0: ['a2', 'a2', 11804.0], 4.0: ['a2', 'a2', 15511.0]};a3;a3;a1;a2;a3;a2;1;0;0;1;0;1;11300;19700;7718;15511;10814;11804
Женщина;42;10;высшее;A;{2.0: ['a1', 'a3', 22921.0], 1.0: ['a2', 'a3', 12386.0], 4.0: ['a4', 'a1', 19553.0], 3.0: ['a1', 'a1', 11046.0], 6.0: ['a2', 'a2', 10405.0], 5.0: ['a2', 'a2', 10849.0]};a2;a1;a1;a4;a2;a2;0;0;1;0;1;1;12386;22921;11046;19553;10849;10405
Женщина;37;17;высшее;D;{3.0: ['a2', 'a3', 15840.0], 4.0: ['a2', 'a2', 14939.0], 6.0: ['a2', 'a2', 10142.0], 2.0: ['a2', 'a1', 12249.0], 5.0: ['a2', 'a1', 11872.0], 1.0: ['a2', 'a3', 8731.0]};a2;a2;a2;a2;a2;a2;0;0;0;1;0;1;8731;12249;15840;14939;11872;10142
Женщина;37;15;среднее специальное;D;{3.0: ['a4', 'a3', 17402.0], 1.0: ['a1', 'a3', 13298.0], 2.0: ['a1', 'a1', 13871.0], 4.0: ['a1', 'a2', 14750.0], 5.0: ['a1', 'a1', 9698.0], 6.0: ['a2', 'a2', 9883.0]};a1;a1;a4;a1;a1;a2;0;1;0;0;1;1;13298;13871;17402;14750;9698;9883
Женщина;39;15;высшее;B;{3.0: ['a1', 'a1', 48583.0], 4.0: ['a1', 'a1', 54915.0], 5.0: ['a4', 'a2', 38239.0], 1.0: ['a1', 'a3', 18112.0], 2.0: ['a2', 'a3', 25056.0], 6.0: ['a2', 'a2', 14368.0]};a1;a2;a1;a1;a4;a2;0;0;1;1;0;1;18112;25056;48583;54915;38239;14368
Женщина;23;15;высшее;C;{4.0: ['a2', 'a2', 14189.0], 1.0: ['a2', 'a3', 24740.0], 5.0: ['a1', 'a1', 10606.0], 6.0: ['a2', 'a2', 17223.0], 2.0: ['a1', 'a1', 9379.0], 3.0: ['a2', 'a3', 26501.0]};a2;a1;a2;a2;a1;a2;0;1;0;1;1;1;24740;9379;26501;14189;10606;17223
Мужчина;24;17;высшее;D;{6.0: ['a2', 'a2', 14575.0], 5.0: ['a3', 'a1', 23537.0], 1.0: ['a2', 'a3', 24123.0], 3.0: ['a2', 'a3', 8180.0], 4.0: ['a2', 'a2', 13137.0], 2.0: ['a3', 'a1', 12079.0]};a2;a3;a2;a2;a3;a2;0;0;0;1;0;1;24123;12079;8180;13137;23537;14575
Женщина;43;11;высшее;A;{1.0: ['a1', 'a3', 16503.0], 2.0: ['a1', 'a3', 13052.0], 5.0: ['a3', 'a2', 17342.0], 3.0: ['a1', 'a1', 11153.0], 4.0: ['a4', 'a1', 17747.0], 6.0: ['a2', 'a2', 11262.0]};a1;a1;a1;a4;a3;a2;0;0;1;0;0;1;16503;13052;11153;17747;17342;11262
Женщина;41;11;среднее;B;{1.0: ['a1', 'a3', 27125.0], 3.0: ['a1', 'a1', 14063.0], 5.0: ['a2', 'a2', 10952.0], 2.0: ['a1', 'a3', 12196.0], 6.0: ['a2', 'a2', 12903.0], 4.0: ['a4', 'a1', 24306.0]};a1;a1;a1;a4;a2;a2;0;0;1;0;1;1;27125;12196;14063;24306;10952;12903
Мужчина;19;12;неоконченное высшее;C;{4.0: ['a3', 'a2', 10929.0], 2.0: ['a1', 'a1', 8468.0], 6.0: ['a2', 'a2', 10877.0], 5.0: ['a1', 'a1', 8372.0], 3.0: ['a1', 'a3', 10028.0], 1.0: ['a2', 'a3', 10971.0]};a2;a1;a1;a3;a1;a2;0;1;0;0;1;1;10971;8468;10028;10929;8372;10877
Женщина;43;17;высшее;A;{3.0: ['a3', 'a1', 11543.0], 5.0: ['a3', 'a2', 10768.0], 6.0: ['a3', 'a2', 10102.0], 1.0: ['a3', 'a3', 9082.0], 2.0: ['a3', 'a3', 9766.0], 4.0: ['a3', 'a1', 12456.0]};a3;a3;a3;a3;a3;a3;1;1;0;0;0;0;9082;9766;11543;12456;10768;10102
Мужчина;39;15;высшее;C;{5.0: ['a1', 'a1', 26979.0], 1.0: ['a2', 'a3', 15816.0], 3.0: ['a1', 'a3', 14395.0], 2.0: ['a1', 'a1', 13274.0], 4.0: ['a2', 'a2', 13088.0], 6.0: ['a2', 'a2', 14204.0]};a2;a1;a1;a2;a1;a2;0;1;0;1;1;1;15816;13274;14395;13088;26979;14204
Мужчина;20;15;неоконченное высшее;A;{3.0: ['a1', 'a1', 16071.0], 1.0: ['a3', 'a3', 10457.0], 2.0: ['a3', 'a3', 9372.0], 4.0: ['a1', 'a1', 13132.0], 5.0: ['a3', 'a2', 8453.0], 6.0: ['a3', 'a2', 10605.0]};a3;a3;a1;a1;a3;a3;1;1;1;1;0;0;10457;9372;16071;13132;8453;10605
Мужчина;20;13;неоконченное высшее;A;{1.0: ['a2', 'a3', 10003.0], 2.0: ['a2', 'a3', 12069.0], 5.0: ['a2', 'a2', 8253.0], 6.0: ['a2', 'a2', 8446.0], 3.0: ['a1', 'a1', 10883.0], 4.0: ['a1', 'a1', 12723.0]};a2;a2;a1;a1;a2;a2;0;0;1;1;1;1;10003;12069;10883;12723;8253;8446
Женщина;44;15;высшее;A;{3.0: ['a1', 'a1', 13516.0], 5.0: ['a1', 'a2', 11770.0], 4.0: ['a1', 'a1', 41505.0], 1.0: ['a1', 'a3', 15592.0], 6.0: ['a1', 'a2', 10440.0], 2.0: ['a1', 'a3', 21037.0]};a1;a1;a1;a1;a1;a1;0;0;1;1;0;0;15592;21037;13516;41505;11770;10440
Мужчина;18;13;неоконченное высшее;A;{3.0: ['a2', 'a1', 21917.0], 5.0: ['a2', 'a2', 14272.0], 2.0: ['a2', 'a3', 8427.0], 4.0: ['a3', 'a1', 24602.0], 6.0: ['a2', 'a2', 14660.0], 1.0: ['a3', 'a3', 13993.0]};a3;a2;a2;a3;a2;a2;1;0;0;0;1;1;13993;8427;21917;24602;14272;14660
Мужчина;19;13;неоконченное высшее;C;{4.0: ['a3', 'a2', 13120.0], 2.0: ['a3', 'a1', 8120.0], 1.0: ['a3', 'a3', 12224.0], 3.0: ['a3', 'a3', 8318.0], 5.0: ['a3', 'a1', 7527.0], 6.0: ['a3', 'a2', 6903.0]};a3;a3;a3;a3;a3;a3;1;0;1;0;0;0;12224;8120;8318;13120;7527;6903
Женщина;47;15;высшее;A;{2.0: ['a2', 'a3', 9559.0], 4.0: ['a1', 'a1', 9806.0], 3.0: ['a1', 'a1', 10721.0], 5.0: ['a2', 'a2', 7413.0], 6.0: ['a2', 'a2', 7423.0], 1.0: ['a2', 'a3', 8852.0]};a2;a2;a1;a1;a2;a2;0;0;1;1;1;1;8852;9559;10721;9806;7413;7423
Женщина;42;17;высшее;B;{1.0: ['a1', 'a3', 27282.0], 5.0: ['a2', 'a2', 12191.0], 3.0: ['a1', 'a1', 49990.0], 6.0: ['a2', 'a2', 19278.0], 4.0: ['a2', 'a1', 15198.0], 2.0: ['a2', 'a3', 10328.0]};a1;a2;a1;a2;a2;a2;0;0;1;0;1;1;27282;10328;49990;15198;12191;19278
Женщина;28;15;высшее;C;{3.0: ['a2', 'a3', 31157.0], 5.0: ['a3', 'a1', 44340.0], 4.0: ['a2', 'a2', 17587.0], 2.0: ['a3', 'a1', 57552.0], 1.0: ['a2', 'a3', 60742.0], 6.0: ['a2', 'a2', 20028.0]};a2;a3;a2;a2;a3;a2;0;0;0;1;0;1;60742;57552;31157;17587;44340;20028
Мужчина;20;;неоконченное высшее;D;{2.0: ['a1', 'a1', 15232.0], 5.0: ['a1', 'a1', 12536.0], 3.0: ['a3', 'a3', 15725.0], 1.0: ['a3', 'a3', 10085.0], 4.0: ['a2', 'a2', 19775.0], 6.0: ['a2', 'a2', 10332.0]};a3;a1;a3;a2;a1;a2;1;1;1;1;1;1;10085;15232;15725;19775;12536;10332
Мужчина;20;14;среднее;D;{6.0: ['a2', 'a2', 10350.0], 5.0: ['a2', 'a1', 8779.0], 1.0: ['a2', 'a3', 8638.0], 4.0: ['a2', 'a2', 9657.0], 2.0: ['a2', 'a1', 6594.0], 3.0: ['a2', 'a3', 9859.0]};a2;a2;a2;a2;a2;a2;0;0;0;1;0;1;8638;6594;9859;9657;8779;10350
Мужчина;21;14;неоконечнное высшее;A;{2.0: ['a2', 'a3', 12432.0], 3.0: ['a2', 'a1', 9632.0], 6.0: ['a2', 'a2', 8201.0], 4.0: ['a2', 'a1', 10867.0], 5.0: ['a2', 'a2', 8498.0], 1.0: ['a2', 'a3', 7716.0]};a2;a2;a2;a2;a2;a2;0;0;0;0;1;1;7716;12432;9632;10867;8498;8201
Мужчина;19;13;среднее;B;{6.0: ['a3', 'a2', 12406.0], 1.0: ['a2', 'a3', 12959.0], 4.0: ['a2', 'a1', 10479.0], 5.0: ['a2', 'a2', 9231.0], 2.0: ['a2', 'a3', 10678.0], 3.0: ['a1', 'a1', 8351.0]};a2;a2;a1;a2;a2;a3;0;0;1;0;1;0;12959;10678;8351;10479;9231;12406
Мужчина;43;;среднее;D;{2.0: ['a2', 'a1', 13782.0], 4.0: ['a2', 'a2', 12216.0], 1.0: ['a2', 'a3', 9984.0], 3.0: ['a2', 'a3', 10232.0], 5.0: ['a2', 'a1', 9064.0], 6.0: ['a2', 'a2', 8936.0]};a2;a2;a2;a2;a2;a2;0;0;0;1;0;1;9984;13782;10232;12216;9064;8936
Женщина;41;17;высшее;D;{3.0: ['a1', 'a3', 10880.0], 4.0: ['a1', 'a2', 11039.0], 5.0: ['a1', 'a1', 7721.0], 2.0: ['a1', 'a1', 8141.0], 6.0: ['a1', 'a2', 11020.0], 1.0: ['a1', 'a3', 7637.0]};a1;a1;a1;a1;a1;a1;0;1;0;0;1;0;7637;8141;10880;11039;7721;11020
Мужчина;20;13;неоконченное высшее;B;{1.0: ['a3', 'a3', 42390.0], 6.0: ['a3', 'a2', 14720.0], 2.0: ['a3', 'a3', 10059.0], 4.0: ['a3', 'a1', 14599.0], 5.0: ['a3', 'a2', 11622.0], 3.0: ['a3', 'a1', 12816.0]};a3;a3;a3;a3;a3;a3;1;1;0;0;0;0;42390;10059;12816;14599;11622;14720
Мужчина;21;14;неоконченное высшее;B;{4.0: ['a3', 'a1', 12087.0], 3.0: ['a1', 'a1', 9433.0], 1.0: ['a3', 'a3', 8384.0], 5.0: ['a2', 'a2', 9629.0], 2.0: ['a3', 'a3', 11417.0], 6.0: ['a3', 'a2', 10017.0]};a3;a3;a1;a3;a2;a3;1;1;1;0;1;0;8384;11417;9433;12087;9629;10017
Мужчина;20;13;высшее;B;{1.0: ['a2', 'a3', 27283.0], 3.0: ['a3', 'a1', 14254.0], 2.0: ['a3', 'a3', 9941.0], 4.0: ['a1', 'a1', 16527.0], 5.0: ['a2', 'a2', 10221.0], 6.0: ['a2', 'a2', 8706.0]};a2;a3;a3;a1;a2;a2;0;1;0;1;1;1;27283;9941;14254;16527;10221;8706
Мужчина;19;14;неоконченное высшее;B;{1.0: ['a3', 'a3', 28432.0], 4.0: ['a3', 'a1', 20089.0], 2.0: ['a3', 'a3', 14612.0], 3.0: ['a3', 'a1', 10641.0], 5.0: ['a3', 'a2', 10905.0], 6.0: ['a3', 'a2', 12552.0]};a3;a3;a3;a3;a3;a3;1;1;0;0;0;0;28432;14612;10641;20089;10905;12552
Женщина;35;16;высшее;C;{4.0: ['a2', 'a2', 12634.0], 5.0: ['a2', 'a1', 9549.0], 3.0: ['a1', 'a3', 9999.0], 6.0: ['a2', 'a2', 8029.0], 2.0: ['a1', 'a1', 8917.0], 1.0: ['a2', 'a3', 9431.0]};a2;a1;a1;a2;a2;a2;0;1;0;1;0;1;9431;8917;9999;12634;9549;8029
Мужчина;20;14;неоконченное высшее;C;{3.0: ['a1', 'a3', 27241.0], 2.0: ['a3', 'a1', 14916.0], 5.0: ['a1', 'a1', 8761.0], 1.0: ['a2', 'a3', 12932.0], 6.0: ['a2', 'a2', 10507.0], 4.0: ['a2', 'a2', 14419.0]};a2;a3;a1;a2;a1;a2;0;0;0;1;1;1;12932;14916;27241;14419;8761;10507
Мужчина;45;15;оконченное высшее;B;{4.0: ['a1', 'a1', 10862.0], 5.0: ['a1', 'a2', 10278.0], 3.0: ['a2', 'a1', 8801.0], 1.0: ['a3', 'a3', 9631.0], 2.0: ['a1', 'a3', 8544.0], 6.0: ['a2', 'a2', 8877.0]};a3;a1;a2;a1;a1;a2;1;0;0;1;0;1;9631;8544;8801;10862;10278;8877
Мужчина;19;19;неоконченное высшее;B;{1.0: ['a2', 'a3', 17929.0], 6.0: ['a2', 'a2', 9460.0], 5.0: ['a2', 'a2', 10233.0], 2.0: ['a2', 'a3', 9009.0], 4.0: ['a4', 'a1', 10927.0], 3.0: ['a1', 'a1', 10378.0]};a2;a2;a1;a4;a2;a2;0;0;1;0;1;1;17929;9009;10378;10927;10233;9460
Мужчина;22;15;высшее;A;{6.0: ['a2', 'a2', 11708.0], 4.0: ['a2', 'a1', 11191.0], 3.0: ['a2', 'a1', 10902.0], 1.0: ['a2', 'a3', 7839.0], 5.0: ['a2', 'a2', 8901.0], 2.0: ['a2', 'a3', 8148.0]};a2;a2;a2;a2;a2;a2;0;0;0;0;1;1;7839;8148;10902;11191;8901;11708
Мужчина;30;;кандидат всех наук;B;{2.0: ['a3', 'a3', 19267.0], 1.0: ['a3', 'a3', 7965.0], 3.0: ['a1', 'a1', 10247.0], 5.0: ['a2', 'a2', 10902.0], 6.0: ['a2', 'a2', 8182.0], 4.0: ['a2', 'a1', 12916.0]};a3;a3;a1;a2;a2;a2;1;1;1;0;1;1;7965;19267;10247;12916;10902;8182
Мужчина;21;14;высшее;D;{3.0: ['a2', 'a3', 26015.0], 5.0: ['a4', 'a1', 19999.0], 4.0: ['a2', 'a2', 20980.0], 6.0: ['a2', 'a2', 10798.0], 2.0: ['a2', 'a1', 14019.0], 1.0: ['a2', 'a3', 9498.0]};a2;a2;a2;a2;a4;a2;0;0;0;1;0;1;9498;14019;26015;20980;19999;10798
Женщина;50;15;высшее;A;{3.0: ['a1', 'a1', 15480.0], 2.0: ['a1', 'a3', 12184.0], 4.0: ['a1', 'a1', 10866.0], 5.0: ['a2', 'a2', 10247.0], 6.0: ['a2', 'a2', 8879.0], 1.0: ['a1', 'a3', 8143.0]};a1;a1;a1;a1;a2;a2;0;0;1;1;1;1;8143;12184;15480;10866;10247;8879
Мужчина;63;10;среднее;B;{1.0: ['a2', 'a3', 19407.0], 4.0: ['a1', 'a1', 23023.0], 5.0: ['a2', 'a2', 15796.0], 3.0: ['a2', 'a1', 21618.0], 6.0: ['a2', 'a2', 14077.0], 2.0: ['a1', 'a3', 15123.0]};a2;a1;a2;a1;a2;a2;0;0;0;1;1;1;19407;15123;21618;23023;15796;14077
Женщина;40;19;высшее;C;{4.0: ['a1', 'a2', 33965.0], 1.0: ['a1', 'a3', 17738.0], 3.0: ['a1', 'a3', 12701.0], 6.0: ['a2', 'a2', 22383.0], 5.0: ['a1', 'a1', 15739.0], 2.0: ['a1', 'a1', 13973.0]};a1;a1;a1;a1;a1;a2;0;1;0;0;1;1;17738;13973;12701;33965;15739;22383
Женщина;40;17;высшее;C;{4.0: ['a1', 'a2', 12147.0], 1.0: ['a1', 'a3', 10556.0], 6.0: ['a2', 'a2', 15221.0], 5.0: ['a2', 'a1', 12136.0], 3.0: ['a3', 'a3', 9488.0], 2.0: ['a2', 'a1', 10350.0]};a1;a2;a3;a1;a2;a2;0;0;1;0;0;1;10556;10350;9488;12147;12136;15221
Женщина;55;;спо;A;{3.0: ['a1', 'a1', 14749.0], 4.0: ['a1', 'a1', 16587.0], 5.0: ['a2', 'a2', 17719.0], 1.0: ['a2', 'a3', 13523.0], 6.0: ['a2', 'a2', 10758.0], 2.0: ['a2', 'a3', 9680.0]};a2;a2;a1;a1;a2;a2;0;0;1;1;1;1;13523;9680;14749;16587;17719;10758
Женщина;43;18;высшее;D;{4.0: ['a2', 'a2', 29060.0], 3.0: ['a2', 'a3', 13244.0], 1.0: ['a2', 'a3', 12548.0], 6.0: ['a2', 'a2', 16421.0], 2.0: ['a2', 'a1', 11942.0], 5.0: ['a2', 'a1', 12018.0]};a2;a2;a2;a2;a2;a2;0;0;0;1;0;1;12548;11942;13244;29060;12018;16421
Женщина;55;;высшее;A;{5.0: ['a2', 'a2', 11756.0], 4.0: ['a2', 'a1', 17913.0], 6.0: ['a2', 'a2', 11080.0], 3.0: ['a3', 'a1', 31874.0], 1.0: ['a3', 'a3', 10889.0], 2.0: ['a3', 'a3', 10737.0]};a3;a3;a3;a2;a2;a2;1;1;0;0;1;1;10889;10737;31874;17913;11756;11080
Женщина;43;17;высшее;B;{2.0: ['a3', 'a3', 37565.0], 6.0: ['a3', 'a2', 15604.0], 1.0: ['a3', 'a3', 11708.0], 5.0: ['a3', 'a2', 23706.0], 4.0: ['a4', 'a1', 43332.0], 3.0: ['a1', 'a1', 16312.0]};a3;a3;a1;a4;a3;a3;1;1;1;0;0;0;11708;37565;16312;43332;23706;15604
Мужчина;20;;спо;B;{6.0: ['a2', 'a2', 10000.0], 4.0: ['a1', 'a1', 12455.0], 1.0: ['a2', 'a3', 9141.0], 5.0: ['a2', 'a2', 9146.0], 2.0: ['a2', 'a3', 9566.0], 3.0: ['a2', 'a1', 13167.0]};a2;a2;a2;a1;a2;a2;0;0;0;1;1;1;9141;9566;13167;12455;9146;10000
Женщина;57;15;высшее;A;{3.0: ['a1', 'a1', 20895.0], 6.0: ['a2', 'a2', 9696.0], 2.0: ['a1', 'a3', 10691.0], 1.0: ['a2', 'a3', 10341.0], 5.0: ['a2', 'a2', 9847.0], 4.0: ['a1', 'a1', 13601.0]};a2;a1;a1;a1;a2;a2;0;0;1;1;1;1;10341;10691;20895;13601;9847;9696
Женщина;42;15;высшее;C;{5.0: ['a2', 'a1', 36375.0], 2.0: ['a1', 'a1', 16976.0], 3.0: ['a2', 'a3', 16575.0], 1.0: ['a2', 'a3', 13903.0], 6.0: ['a2', 'a2', 21352.0], 4.0: ['a2', 'a2', 17055.0]};a2;a1;a2;a2;a2;a2;0;1;0;1;0;1;13903;16976;16575;17055;36375;21352
Женщина;60;;высшее;A;{6.0: ['a2', 'a2', 13304.0], 2.0: ['a1', 'a3', 11695.0], 4.0: ['a1', 'a1', 23712.0], 1.0: ['a2', 'a3', 13176.0], 3.0: ['a1', 'a1', 13463.0], 5.0: ['a2', 'a2', 9256.0]};a2;a1;a1;a1;a2;a2;0;0;1;1;1;1;13176;11695;13463;23712;9256;13304
Женщина;44;18;высшее;D;{3.0: ['a4', 'a3', 10472.0], 4.0: ['a1', 'a2', 23511.0], 6.0: ['a1', 'a2', 14403.0], 5.0: ['a1', 'a1', 11303.0], 2.0: ['a1', 'a1', 13439.0], 1.0: ['a1', 'a3', 9375.0]};a1;a1;a4;a1;a1;a1;0;1;0;0;1;0;9375;13439;10472;23511;11303;14403
Женщина;48;19;высшее;D;{6.0: ['a2', 'a2', 22239.0], 3.0: ['a2', 'a3', 14615.0], 2.0: ['a2', 'a1', 12638.0], 5.0: ['a2', 'a1', 9282.0], 1.0: ['a2', 'a3', 10913.0], 4.0: ['a2', 'a2', 11691.0]};a2;a2;a2;a2;a2;a2;0;0;0;1;0;1;10913;12638;14615;11691;9282;22239
Женщина;50;15;высшее;D;{2.0: ['a1', 'a1', 150928.0], 6.0: ['a1', 'a2', 25351.0], 5.0: ['a1', 'a1', 18664.0], 4.0: ['a2', 'a2', 21498.0], 1.0: ['a2', 'a3', 11514.0], 3.0: ['a2', 'a3', 15124.0]};a2;a1;a2;a2;a1;a1;0;1;0;1;1;0;11514;150928;15124;21498;18664;25351
Женщина;60;15;высшее;A;{4.0: ['a1', 'a1', 20306.0], 1.0: ['a3', 'a3', 14699.0], 5.0: ['a3', 'a2', 11340.0], 3.0: ['a1', 'a1', 8954.0], 2.0: ['a3', 'a3', 15044.0], 6.0: ['a1', 'a2', 15531.0]};a3;a3;a1;a1;a3;a1;1;1;1;1;0;0;14699;15044;8954;20306;11340;15531
Женщина;50;15;высшее;C;{1.0: ['a2', 'a3', 12707.0], 5.0: ['a1', 'a1', 29480.0], 2.0: ['a1', 'a1', 10494.0], 4.0: ['a4', 'a2', 27390.0], 3.0: ['a1', 'a3', 12070.0], 6.0: ['a1', 'a2', 8662.0]};a2;a1;a1;a4;a1;a1;0;1;0;0;1;0;12707;10494;12070;27390;29480;8662
Женщина;51;30;высшее;D;{4.0: ['a1', 'a2', 46463.0], 3.0: ['a2', 'a3', 40256.0], 5.0: ['a2', 'a1', 17343.0], 6.0: ['a2', 'a2', 19927.0], 2.0: ['a1', 'a1', 21119.0], 1.0: ['a4', 'a3', 18022.0]};a4;a1;a2;a1;a2;a2;0;1;0;0;0;1;18022;21119;40256;46463;17343;19927
Женщина;46;16;высшее;B;{3.0: ['a1', 'a1', 26420.0], 1.0: ['a1', 'a3', 10833.0], 2.0: ['a1', 'a3', 14271.0], 6.0: ['a1', 'a2', 10259.0], 4.0: ['a1', 'a1', 19424.0], 5.0: ['a1', 'a2', 10393.0]};a1;a1;a1;a1;a1;a1;0;0;1;1;0;0;10833;14271;26420;19424;10393;10259
Мужчина;22;15;высшее;D;{6.0: ['a2', 'a2', 23682.0], 4.0: ['a2', 'a2', 18866.0], 5.0: ['a2', 'a1', 19340.0], 2.0: ['a2', 'a1', 12611.0], 1.0: ['a3', 'a3', 14371.0], 3.0: ['a2', 'a3', 27048.0]};a3;a2;a2;a2;a2;a2;1;0;0;1;0;1;14371;12611;27048;18866;19340;23682
Мужчина;20;;неоконченное высшее;C;{4.0: ['a2', 'a2', 16206.0], 1.0: ['a2', 'a3', 10830.0], 6.0: ['a2', 'a2', 13212.0], 3.0: ['a2', 'a3', 11865.0], 2.0: ['a1', 'a1', 12311.0], 5.0: ['a2', 'a1', 10382.0]};a2;a1;a2;a2;a2;a2;0;1;0;1;0;1;10830;12311;11865;16206;10382;13212
Мужчина;55;30;высшее;B;{6.0: ['a3', 'a2', 70299.0], 3.0: ['a1', 'a1', 24048.0], 4.0: ['a1', 'a1', 20976.0], 2.0: ['a1', 'a3', 15377.0], 5.0: ['a2', 'a2', 14143.0], 1.0: ['a3', 'a3', 19740.0]};a3;a1;a1;a1;a2;a3;1;0;1;1;1;0;19740;15377;24048;20976;14143;70299
Мужчина;21;14;неоконченное высшее;B;{4.0: ['a2', 'a1', 11570.0], 1.0: ['a2', 'a3', 14164.0], 3.0: ['a1', 'a1', 13415.0], 5.0: ['a2', 'a2', 8722.0], 6.0: ['a2', 'a2', 1476490.0], 2.0: ['a2', 'a3', 43549.0]};a2;a2;a1;a2;a2;a2;0;0;1;0;1;1;14164;43549;13415;11570;8722;1476490
Мужчина;26;17;высшее;B;{1.0: ['a2', 'a3', 23751.0], 2.0: ['a3', 'a3', 42579.0], 5.0: ['a2', 'a2', 10395.0], 6.0: ['a2', 'a2', 8768.0], 4.0: ['a1', 'a1', 11878.0], 3.0: ['a1', 'a1', 9180.0]};a2;a3;a1;a1;a2;a2;0;1;1;1;1;1;23751;42579;9180;11878;10395;8768
Женщина;52;15;высшее;C;{2.0: ['a1', 'a1', 26401.0], 1.0: ['a4', 'a3', 21110.0], 6.0: ['a1', 'a2', 17961.0], 4.0: ['a1', 'a2', 18817.0], 5.0: ['a1', 'a1', 10404.0], 3.0: ['a1', 'a3', 10042.0]};a4;a1;a1;a1;a1;a1;0;1;0;0;1;0;21110;26401;10042;18817;10404;17961
Мужчина;34;16;высшее;B;{6.0: ['a3', 'a2', 22311.0], 5.0: ['a2', 'a2', 9261.0], 4.0: ['a4', 'a1', 13721.0], 2.0: ['a2', 'a3', 10799.0], 1.0: ['a2', 'a3', 8323.0], 3.0: ['a1', 'a1', 10533.0]};a2;a2;a1;a4;a2;a3;0;0;1;0;1;0;8323;10799;10533;13721;9261;22311
Мужчина;34;12;среднее;C;{2.0: ['a2', 'a1', 7518.0], 4.0: ['a2', 'a2', 9800.0], 5.0: ['a2', 'a1', 7277.0], 3.0: ['a3', 'a3', 10896.0], 6.0: ['a2', 'a2', 8203.0], 1.0: ['a2', 'a3', 8449.0]};a2;a2;a3;a2;a2;a2;0;0;1;1;0;1;8449;7518;10896;9800;7277;8203
Мужчина;55;15;высшее;D;{3.0: ['a1', 'a3', 36021.0], 1.0: ['a4', 'a3', 51393.0], 4.0: ['a1', 'a2', 22839.0], 6.0: ['a2', 'a2', 34564.0], 5.0: ['a2', 'a1', 23891.0], 2.0: ['a2', 'a1', 57545.0]};a4;a2;a1;a1;a2;a2;0;0;0;0;0;1;51393;57545;36021;22839;23891;34564
Женщина;61;35;высшее;A;{6.0: ['a2', 'a2', 24268.0], 4.0: ['a1', 'a1', 22191.0], 5.0: ['a2', 'a2', 12534.0], 2.0: ['a2', 'a3', 13617.0], 3.0: ['a2', 'a1', 11111.0], 1.0: ['a2', 'a3', 13817.0]};a2;a2;a2;a1;a2;a2;0;0;0;1;1;1;13817;13617;11111;22191;12534;24268
Женщина;62;15;высшее;A;{4.0: ['a4', 'a1', 18121.0], 1.0: ['a1', 'a3', 15427.0], 5.0: ['a2', 'a2', 12791.0], 3.0: ['a1', 'a1', 10751.0], 2.0: ['a1', 'a3', 10991.0], 6.0: ['a3', 'a2', 16311.0]};a1;a1;a1;a4;a2;a3;0;0;1;0;1;0;15427;10991;10751;18121;12791;16311
Мужчина;20;13;неоконченное высшее;B;{5.0: ['a2', 'a2', 45514.0], 3.0: ['a3', 'a1', 36113.0], 4.0: ['a3', 'a1', 44135.0], 6.0: ['a2', 'a2', 14636.0], 1.0: ['a2', 'a3', 11569.0], 2.0: ['a3', 'a3', 28968.0]};a2;a3;a3;a3;a2;a2;0;1;0;0;1;1;11569;28968;36113;44135;45514;14636
Мужчина;62;15;высшее;A;{2.0: ['a2', 'a3', 31518.0], 3.0: ['a1', 'a1', 16885.0], 1.0: ['a1', 'a3', 19341.0], 6.0: ['a1', 'a2', 29373.0], 4.0: ['a1', 'a1', 13581.0], 5.0: ['a1', 'a2', 12966.0]};a1;a2;a1;a1;a1;a1;0;0;1;1;0;0;19341;31518;16885;13581;12966;29373
Мужчина;31;15;высшее;B;{1.0: ['a1', 'a3', 40790.0], 3.0: ['a1', 'a1', 104266.0], 4.0: ['a2', 'a1', 20352.0], 6.0: ['a2', 'a2', 28668.0], 5.0: ['a2', 'a2', 11694.0], 2.0: ['a2', 'a3', 29266.0]};a1;a2;a1;a2;a2;a2;0;0;1;0;1;1;40790;29266;104266;20352;11694;28668
Женщина;57;17;высшее;C;{1.0: ['a2', 'a3', 27554.0], 4.0: ['a2', 'a2', 30726.0], 3.0: ['a2', 'a3', 20405.0], 6.0: ['a2', 'a2', 10070.0], 2.0: ['a2', 'a1', 32390.0], 5.0: ['a2', 'a1', 14605.0]};a2;a2;a2;a2;a2;a2;0;0;0;1;0;1;27554;32390;20405;30726;14605;10070
Мужчина;48;15;высшее;D;{6.0: ['a2', 'a2', 20481.0], 5.0: ['a2', 'a1', 16513.0], 4.0: ['a2', 'a2', 18027.0], 1.0: ['a2', 'a3', 11344.0], 3.0: ['a2', 'a3', 10604.0], 2.0: ['a2', 'a1', 10352.0]};a2;a2;a2;a2;a2;a2;0;0;0;1;0;1;11344;10352;10604;18027;16513;20481
Женщина;65;15;высшее;A;{6.0: ['a2', 'a2', 24135.0], 2.0: ['a1', 'a3', 16869.0], 4.0: ['a4', 'a1', 16799.0], 3.0: ['a1', 'a1', 14869.0], 5.0: ['a1', 'a2', 13289.0], 1.0: ['a1', 'a3', 13311.0]};a1;a1;a1;a4;a1;a2;0;0;1;0;0;1;13311;16869;14869;16799;13289;24135
Женщина;51;15;высшее;B;{1.0: ['a1', 'a3', 41999.0], 4.0: ['a4', 'a1', 37276.0], 5.0: ['a1', 'a2', 20543.0], 6.0: ['a1', 'a2', 16549.0], 3.0: ['a1', 'a1', 19072.0], 2.0: ['a1', 'a3', 16927.0]};a1;a1;a1;a4;a1;a1;0;0;1;0;0;0;41999;16927;19072;37276;20543;16549
Женщина;60;15;высшее;C;{2.0: ['a2', 'a1', 39746.0], 6.0: ['a2', 'a2', 11402.0], 3.0: ['a2', 'a3', 12476.0], 1.0: ['a2', 'a3', 24301.0], 5.0: ['a1', 'a1', 33611.0], 4.0: ['a2', 'a2', 14261.0]};a2;a2;a2;a2;a1;a2;0;0;0;1;1;1;24301;39746;12476;14261;33611;11402
Женщина;65;15;высшее;C;{3.0: ['a1', 'a3', 18835.0], 2.0: ['a1', 'a1', 22380.0], 6.0: ['a1', 'a2', 20099.0], 4.0: ['a1', 'a2', 17725.0], 5.0: ['a1', 'a1', 11211.0], 1.0: ['a2', 'a3', 20860.0]};a2;a1;a1;a1;a1;a1;0;1;0;0;1;0;20860;22380;18835;17725;11211;20099
Женщина;59;15;высшее;D;{2.0: ['a1', 'a1', 28681.0], 1.0: ['a2', 'a3', 18976.0], 5.0: ['a2', 'a1', 17635.0], 6.0: ['a2', 'a2', 12380.0], 3.0: ['a2', 'a3', 11298.0], 4.0: ['a2', 'a2', 21431.0]};a2;a1;a2;a2;a2;a2;0;1;0;1;0;1;18976;28681;11298;21431;17635;12380
Мужчина;41;15;высшее;B;{1.0: ['a2', 'a3', 14728.0], 5.0: ['a2', 'a2', 10784.0], 4.0: ['a2', 'a1', 20922.0], 2.0: ['a2', 'a3', 12954.0], 6.0: ['a2', 'a2', 11241.0], 3.0: ['a1', 'a1', 21614.0]};a2;a2;a1;a2;a2;a2;0;0;1;0;1;1;14728;12954;21614;20922;10784;11241
Мужчина;42;;высшее;B;{1.0: ['a4', 'a3', 19293.0], 2.0: ['a4', 'a3', 20318.0], 3.0: ['a4', 'a1', 16470.0], 5.0: ['a4', 'a2', 15101.0], 6.0: ['a4', 'a2', 16022.0], 4.0: ['a2', 'a1', 13150.0]};a4;a4;a4;a2;a4;a4;0;0;0;0;0;0;19293;20318;16470;13150;15101;16022
Мужчина;18;;неоконченное высшее%2c11;D;{6.0: ['a2', 'a2', 12320.0], 1.0: ['a2', 'a3', 10562.0], 3.0: ['a2', 'a3', 23753.0], 2.0: ['a2', 'a1', 16423.0], 5.0: ['a2', 'a1', 8609.0], 4.0: ['a2', 'a2', 14660.0]};a2;a2;a2;a2;a2;a2;0;0;0;1;0;1;10562;16423;23753;14660;8609;12320
Мужчина;75;15;высшее;A;{5.0: ['a2', 'a2', 8734.0], 4.0: ['a2', 'a1', 16228.0], 6.0: ['a2', 'a2', 8595.0], 3.0: ['a2', 'a1', 8459.0], 1.0: ['a2', 'a3', 11876.0], 2.0: ['a2', 'a3', 8535.0]};a2;a2;a2;a2;a2;a2;0;0;0;0;1;1;11876;8535;8459;16228;8734;8595
Мужчина;40;16;высшее;B;{3.0: ['a1', 'a1', 16757.0], 4.0: ['a1', 'a1', 26414.0], 1.0: ['a2', 'a3', 21542.0], 5.0: ['a3', 'a2', 15414.0], 2.0: ['a1', 'a3', 20785.0], 6.0: ['a1', 'a2', 11332.0]};a2;a1;a1;a1;a3;a1;0;0;1;1;0;0;21542;20785;16757;26414;15414;11332
Мужчина;49;18;высшее;B;{3.0: ['a2', 'a1', 25967.0], 2.0: ['a4', 'a3', 26058.0], 4.0: ['a4', 'a1', 10678.0], 1.0: ['a2', 'a3', 11619.0], 6.0: ['a2', 'a2', 8128.0], 5.0: ['a2', 'a2', 31561.0]};a2;a4;a2;a4;a2;a2;0;0;0;0;1;1;11619;26058;25967;10678;31561;8128
Мужчина;56;12;среднее специальное;C;{4.0: ['a2', 'a2', 38485.0], 6.0: ['a2', 'a2', 10449.0], 3.0: ['a1', 'a3', 9997.0], 5.0: ['a1', 'a1', 9505.0], 1.0: ['a2', 'a3', 10537.0], 2.0: ['a1', 'a1', 11571.0]};a2;a1;a1;a2;a1;a2;0;1;0;1;1;1;10537;11571;9997;38485;9505;10449
Женщина;72;;высшее;A;{6.0: ['a3', 'a2', 14054.0], 2.0: ['a1', 'a3', 15281.0], 5.0: ['a4', 'a2', 21931.0], 3.0: ['a1', 'a1', 12524.0], 1.0: ['a1', 'a3', 15846.0], 4.0: ['a3', 'a1', 32741.0]};a1;a1;a1;a3;a4;a3;0;0;1;0;0;0;15846;15281;12524;32741;21931;14054
Мужчина;20;13;неоконченное высшее;B;{1.0: ['a2', 'a3', 29388.0], 5.0: ['a4', 'a2', 24499.0], 3.0: ['a1', 'a1', 9147.0], 6.0: ['a2', 'a2', 22463.0], 2.0: ['a2', 'a3', 10830.0], 4.0: ['a3', 'a1', 22459.0]};a2;a2;a1;a3;a4;a2;0;0;1;0;0;1;29388;10830;9147;22459;24499;22463
Мужчина;56;;среднее;C;{4.0: ['a2', 'a2', 38485.0], 6.0: ['a2', 'a2', 10449.0], 3.0: ['a1', 'a3', 9997.0], 5.0: ['a1', 'a1', 9505.0], 1.0: ['a2', 'a3', 10536.0], 2.0: ['a1', 'a1', 11572.0]};a2;a1;a1;a2;a1;a2;0;1;0;1;1;1;10536;11572;9997;38485;9505;10449
Женщина;52;;средне специальное образование ;B;{6.0: ['a1', 'a2', 29574.0], 3.0: ['a1', 'a1', 29318.0], 4.0: ['a1', 'a1', 28511.0], 2.0: ['a1', 'a3', 15228.0], 1.0: ['a1', 'a3', 15954.0], 5.0: ['a2', 'a2', 16792.0]};a1;a1;a1;a1;a2;a1;0;0;1;1;1;0;15954;15228;29318;28511;16792;29574
Мужчина;49;;высшее;D;{1.0: ['a2', 'a3', 31816.0], 6.0: ['a2', 'a2', 25921.0], 4.0: ['a2', 'a2', 27270.0], 3.0: ['a2', 'a3', 14469.0], 5.0: ['a2', 'a1', 12587.0], 2.0: ['a2', 'a1', 11123.0]};a2;a2;a2;a2;a2;a2;0;0;0;1;0;1;31816;11123;14469;27270;12587;25921
Мужчина;20;14;неоконченное высшее;A;{3.0: ['a1', 'a1', 15622.0], 5.0: ['a2', 'a2', 8072.0], 6.0: ['a3', 'a2', 21167.0], 1.0: ['a3', 'a3', 16488.0], 2.0: ['a3', 'a3', 10272.0], 4.0: ['a3', 'a1', 14584.0]};a3;a3;a1;a3;a2;a3;1;1;1;0;1;0;16488;10272;15622;14584;8072;21167
Женщина;63;;среднее специальное;B;{4.0: ['a1', 'a1', 24432.0], 2.0: ['a1', 'a3', 22264.0], 3.0: ['a1', 'a1', 19284.0], 6.0: ['a1', 'a2', 24709.0], 1.0: ['a1', 'a3', 22303.0], 5.0: ['a2', 'a2', 33580.0]};a1;a1;a1;a1;a2;a1;0;0;1;1;1;0;22303;22264;19284;24432;33580;24709
Мужчина;29;;высшее;C;{5.0: ['a2', 'a1', 14612.0], 6.0: ['a1', 'a2', 10900.0], 3.0: ['a2', 'a3', 12962.0], 1.0: ['a2', 'a3', 19586.0], 2.0: ['a2', 'a1', 17454.0], 4.0: ['a2', 'a2', 12942.0]};a2;a2;a2;a2;a2;a1;0;0;0;1;0;0;19586;17454;12962;12942;14612;10900
Женщина;67;;среднее;D;{1.0: ['a1', 'a3', 19498.0], 5.0: ['a1', 'a1', 15511.0], 6.0: ['a1', 'a2', 15939.0], 4.0: ['a3', 'a2', 33225.0], 2.0: ['a1', 'a1', 15123.0], 3.0: ['a1', 'a3', 12392.0]};a1;a1;a1;a3;a1;a1;0;1;0;0;1;0;19498;15123;12392;33225;15511;15939
Мужчина;36;15;среднее-специальное;A;{1.0: ['a2', 'a3', 13060.0], 3.0: ['a1', 'a1', 18019.0], 5.0: ['a2', 'a2', 10143.0], 4.0: ['a2', 'a1', 13842.0], 6.0: ['a1', 'a2', 8136.0], 2.0: ['a1', 'a3', 9061.0]};a2;a1;a1;a2;a2;a1;0;0;1;0;1;0;13060;9061;18019;13842;10143;8136
Мужчина;21;15;высшее;C;{3.0: ['a2', 'a3', 11621.0], 1.0: ['a2', 'a3', 11773.0], 2.0: ['a1', 'a1', 12697.0], 6.0: ['a2', 'a2', 9000.0], 5.0: ['a2', 'a1', 8921.0], 4.0: ['a2', 'a2', 9137.0]};a2;a1;a2;a2;a2;a2;0;1;0;1;0;1;11773;12697;11621;9137;8921;9000
Мужчина;23;13;неоконченное высшее;D;{6.0: ['a3', 'a2', 18524.0], 2.0: ['a2', 'a1', 14877.0], 1.0: ['a2', 'a3', 10013.0], 4.0: ['a2', 'a2', 16989.0], 5.0: ['a3', 'a1', 14184.0], 3.0: ['a2', 'a3', 9045.0]};a2;a2;a2;a2;a3;a3;0;0;0;1;0;0;10013;14877;9045;16989;14184;18524
Мужчина;18;12;неоконченное высшее;A;{4.0: ['a1', 'a1', 17044.0], 1.0: ['a2', 'a3', 12324.0], 5.0: ['a2', 'a2', 13331.0], 6.0: ['a2', 'a2', 9038.0], 2.0: ['a1', 'a3', 13251.0], 3.0: ['a2', 'a1', 41184.0]};a2;a1;a2;a1;a2;a2;0;0;0;1;1;1;12324;13251;41184;17044;13331;9038
Мужчина;44;15;высшее;B;{4.0: ['a2', 'a1', 43169.0], 6.0: ['a2', 'a2', 33260.0], 1.0: ['a2', 'a3', 15893.0], 2.0: ['a1', 'a3', 12169.0], 5.0: ['a2', 'a2', 15221.0], 3.0: ['a1', 'a1', 12659.0]};a2;a1;a1;a2;a2;a2;0;0;1;0;1;1;15893;12169;12659;43169;15221;33260
;;;;;;;;;;;;;;;;;;;;;;;
;;;;;;;;;;;;;;;;;;;;;;;
;;;;;;;;;;;;;;;;;;;;;;;
;;;;;;;;;;;;;;;;;;;;;;;
;;;;;;;;;;;;;;;;;;;;;;;
;;;;;;;;;;;;;;;;;;;;;;;
;;;;;;;;;;;;;;;;;;;;;;;
;;;;;;;;;;;;;;;;;;;;;;;
;;;;;;;;;;;;;;;;;;;;;;;
;;;;;;;;;;;;;;;;;;;;;;;
;;;;;;;;;;;;;;;;;;;;;;;
;;;;;;;;;;;;;;;;;;;;;;;
;;;;;;;;;;;;;;;;;;;;;;;
;;;;;;;;;;;;;;;;;;;;;;;
;;;;;;;;;;;;;;;;;;;;;;;
;;;;;;;;;;;;;;;;;;;;;;;
;;;;;;;;;;;;;;;;;;;;;;;
;;;;;;;;;;;;;;;;;;;;;;;
;;;;;;;;;;;;;;;;;;;;;;;
;;;;;;;;;;;;;;;;;;;;;;;
;;;;;;;;;;;;;;;;;;;;;;;
;;;;;;;;;;;;;;;;;;;;;;;
;;;;;;;;;;;;;;;;;;;;;;;
;;;;;;;;;;;;;;;;;;;;;;;
;;;;;;;;;;;;;;;;;;;;;;;
;;;;;;;;;;;;;;;;;;;;;;;
;;;;;;;;;;;;;;;;;;;;;;;
;;;;;;;;;;;;;;;;;;;;;;;
;;;;;;;;;;;;;;;;;;;;;;;
;;;;;;;;;;;;;;;;;;;;;;;
;;;;;;;;;;;;;;;;;;;;;;;
;;;;;;;;;;;;;;;;;;;;;;;
;;;;;;;;;;;;;;;;;;;;;;;
;;;;;;;;;;;;;;;;;;;;;;;
;;;;;;;;;;;;;;;;;;;;;;;
;;;;;;;;;;;;;;;;;;;;;;;
;;;;;;;;;;;;;;;;;;;;;;;
;;;;;;;;;;;;;;;;;;;;;;;
;;;;;;;;;;;;;;;;;;;;;;;
;;;;;;;;;;;;;;;;;;;;;;;
;;;;;;;;;;;;;;;;;;;;;;;
;;;;;;;;;;;;;;;;;;;;;;;
;;;;;;;;;;;;;;;;;;;;;;;
;;;;;;;;;;;;;;;;;;;;;;;
;;;;;;;;;;;;;;;;;;;;;;;
;;;;;;;;;;;;;;;;;;;;;;;
;;;;;;;;;;;;;;;;;;;;;;;
;;;;;;;;;;;;;;;;;;;;;;;
;;;;;;;;;;;;;;;;;;;;;;;
;;;;;;;;;;;;;;;;;;;;;;;
;;;;;;;;;;;;;;;;;;;;;;;
;;;;;;;;;;;;;;;;;;;;;;;
;;;;;;;;;;;;;;;;;;;;;;;
;;;;;;;;;;;;;;;;;;;;;;;
;;;;;;;;;;;;;;;;;;;;;;;
;;;;;;;;;;;;;;;;;;;;;;;
;;;;;;;;;;;;;;;;;;;;;;;
;;;;;;;;;;;;;;;;;;;;;;;
;;;;;;;;;;;;;;;;;;;;;;;
;;;;;;;;;;;;;;;;;;;;;;;
;;;;;;;;;;;;;;;;;;;;;;;
;;;;;;;;;;;;;;;;;;;;;;;
;;;;;;;;;;;;;;;;;;;;;;;
;;;;;;;;;;;;;;;;;;;;;;;
;;;;;;;;;;;;;;;;;;;;;;;
;;;;;;;;;;;;;;;;;;;;;;;
;;;;;;;;;;;;;;;;;;;;;;;
;;;;;;;;;;;;;;;;;;;;;;;
;;;;;;;;;;;;;;;;;;;;;;;
;;;;;;;;;;;;;;;;;;;;;;;
;;;;;;;;;;;;;;;;;;;;;;;
;;;;;;;;;;;;;;;;;;;;;;;
;;;;;;;;;;;;;;;;;;;;;;;
;;;;;;;;;;;;;;;;;;;;;;;
;;;;;;;;;;;;;;;;;;;;;;;
;;;;;;;;;;;;;;;;;;;;;;;
;;;;;;;;;;;;;;;;;;;;;;;
;;;;;;;;;;;;;;;;;;;;;;;
;;;;;;;;;;;;;;;;;;;;;;;
;;;;;;;;;;;;;;;;;;;;;;;
;;;;;;;;;;;;;;;;;;;;;;;
;;;;;;;;;;;;;;;;;;;;;;;
;;;;;;;;;;;;;;;;;;;;;;;
;;;;;;;;;;;;;;;;;;;;;;;
;;;;;;;;;;;;;;;;;;;;;;;
;;;;;;;;;;;;;;;;;;;;;;;
;;;;;;;;;;;;;;;;;;;;;;;
;;;;;;;;;;;;;;;;;;;;;;;
;;;;;;;;;;;;;;;;;;;;;;;
;;;;;;;;;;;;;;;;;;;;;;;
;;;;;;;;;;;;;;;;;;;;;;;
;;;;;;;;;;;;;;;;;;;;;;;
;;;;;;;;;;;;;;;;;;;;;;;
;;;;;;;;;;;;;;;;;;;;;;;
;;;;;;;;;;;;;;;;;;;;;;;
;;;;;;;;;;;;;;;;;;;;;;;
;;;;;;;;;;;;;;;;;;;;;;;
;;;;;;;;;;;;;;;;;;;;;;;
;;;;;;;;;;;;;;;;;;;;;;;
;;;;;;;;;;;;;;;;;;;;;;;
;;;;;;;;;;;;;;;;;;;;;;;
;;;;;;;;;;;;;;;;;;;;;;;
;;;;;;;;;;;;;;;;;;;;;;;
;;;;;;;;;;;;;;;;;;;;;;;
;;;;;;;;;;;;;;;;;;;;;;;
;;;;;;;;;;;;;;;;;;;;;;;
;;;;;;;;;;;;;;;;;;;;;;;
;;;;;;;;;;;;;;;;;;;;;;;
;;;;;;;;;;;;;;;;;;;;;;;
;;;;;;;;;;;;;;;;;;;;;;;
;;;;;;;;;;;;;;;;;;;;;;;
;;;;;;;;;;;;;;;;;;;;;;;
;;;;;;;;;;;;;;;;;;;;;;;
;;;;;;;;;;;;;;;;;;;;;;;
;;;;;;;;;;;;;;;;;;;;;;;
;;;;;;;;;;;;;;;;;;;;;;;
;;;;;;;;;;;;;;;;;;;;;;;
;;;;;;;;;;;;;;;;;;;;;;;
;;;;;;;;;;;;;;;;;;;;;;;
;;;;;;;;;;;;;;;;;;;;;;;
;;;;;;;;;;;;;;;;;;;;;;;
;;;;;;;;;;;;;;;;;;;;;;;
;;;;;;;;;;;;;;;;;;;;;;;
;;;;;;;;;;;;;;;;;;;;;;;
;;;;;;;;;;;;;;;;;;;;;;;
;;;;;;;;;;;;;;;;;;;;;;;
;;;;;;;;;;;;;;;;;;;;;;;
;;;;;;;;;;;;;;;;;;;;;;;
;;;;;;;;;;;;;;;;;;;;;;;
;;;;;;;;;;;;;;;;;;;;;;;
;;;;;;;;;;;;;;;;;;;;;;;
;;;;;;;;;;;;;;;;;;;;;;;
;;;;;;;;;;;;;;;;;;;;;;;
;;;;;;;;;;;;;;;;;;;;;;;
;;;;;;;;;;;;;;;;;;;;;;;
;;;;;;;;;;;;;;;;;;;;;;;
;;;;;;;;;;;;;;;;;;;;;;;
;;;;;;;;;;;;;;;;;;;;;;;
;;;;;;;;;;;;;;;;;;;;;;;
;;;;;;;;;;;;;;;;;;;;;;;
;;;;;;;;;;;;;;;;;;;;;;;
;;;;;;;;;;;;;;;;;;;;;;;
;;;;;;;;;;;;;;;;;;;;;;;
;;;;;;;;;;;;;;;;;;;;;;;
;;;;;;;;;;;;;;;;;;;;;;;
;;;;;;;;;;;;;;;;;;;;;;;
;;;;;;;;;;;;;;;;;;;;;;;
;;;;;;;;;;;;;;;;;;;;;;;
;;;;;;;;;;;;;;;;;;;;;;;
;;;;;;;;;;;;;;;;;;;;;;;
;;;;;;;;;;;;;;;;;;;;;;;
;;;;;;;;;;;;;;;;;;;;;;;
;;;;;;;;;;;;;;;;;;;;;;;
;;;;;;;;;;;;;;;;;;;;;;;
;;;;;;;;;;;;;;;;;;;;;;;
;;;;;;;;;;;;;;;;;;;;;;;
;;;;;;;;;;;;;;;;;;;;;;;
;;;;;;;;;;;;;;;;;;;;;;;
;;;;;;;;;;;;;;;;;;;;;;;
;;;;;;;;;;;;;;;;;;;;;;;
;;;;;;;;;;;;;;;;;;;;;;;
;;;;;;;;;;;;;;;;;;;;;;;
;;;;;;;;;;;;;;;;;;;;;;;
;;;;;;;;;;;;;;;;;;;;;;;
;;;;;;;;;;;;;;;;;;;;;;;
;;;;;;;;;;;;;;;;;;;;;;;
;;;;;;;;;;;;;;;;;;;;;;;
;;;;;;;;;;;;;;;;;;;;;;;
;;;;;;;;;;;;;;;;;;;;;;;
;;;;;;;;;;;;;;;;;;;;;;;
;;;;;;;;;;;;;;;;;;;;;;;
;;;;;;;;;;;;;;;;;;;;;;;
;;;;;;;;;;;;;;;;;;;;;;;
;;;;;;;;;;;;;;;;;;;;;;;
;;;;;;;;;;;;;;;;;;;;;;;
;;;;;;;;;;;;;;;;;;;;;;;
;;;;;;;;;;;;;;;;;;;;;;;
;;;;;;;;;;;;;;;;;;;;;;;
;;;;;;;;;;;;;;;;;;;;;;;
;;;;;;;;;;;;;;;;;;;;;;;
;;;;;;;;;;;;;;;;;;;;;;;
;;;;;;;;;;;;;;;;;;;;;;;
;;;;;;;;;;;;;;;;;;;;;;;
;;;;;;;;;;;;;;;;;;;;;;;
;;;;;;;;;;;;;;;;;;;;;;;
;;;;;;;;;;;;;;;;;;;;;;;
;;;;;;;;;;;;;;;;;;;;;;;
;;;;;;;;;;;;;;;;;;;;;;;
;;;;;;;;;;;;;;;;;;;;;;;
;;;;;;;;;;;;;;;;;;;;;;;
;;;;;;;;;;;;;;;;;;;;;;;
;;;;;;;;;;;;;;;;;;;;;;;
;;;;;;;;;;;;;;;;;;;;;;;
;;;;;;;;;;;;;;;;;;;;;;;
;;;;;;;;;;;;;;;;;;;;;;;
;;;;;;;;;;;;;;;;;;;;;;;
;;;;;;;;;;;;;;;;;;;;;;;
;;;;;;;;;;;;;;;;;;;;;;;
;;;;;;;;;;;;;;;;;;;;;;;
;;;;;;;;;;;;;;;;;;;;;;;
;;;;;;;;;;;;;;;;;;;;;;;
;;;;;;;;;;;;;;;;;;;;;;;
;;;;;;;;;;;;;;;;;;;;;;;
;;;;;;;;;;;;;;;;;;;;;;;
;;;;;;;;;;;;;;;;;;;;;;;
;;;;;;;;;;;;;;;;;;;;;;;
;;;;;;;;;;;;;;;;;;;;;;;
;;;;;;;;;;;;;;;;;;;;;;;
;;;;;;;;;;;;;;;;;;;;;;;
;;;;;;;;;;;;;;;;;;;;;;;
;;;;;;;;;;;;;;;;;;;;;;;
;;;;;;;;;;;;;;;;;;;;;;;
;;;;;;;;;;;;;;;;;;;;;;;
;;;;;;;;;;;;;;;;;;;;;;;
;;;;;;;;;;;;;;;;;;;;;;;
;;;;;;;;;;;;;;;;;;;;;;;
;;;;;;;;;;;;;;;;;;;;;;;
;;;;;;;;;;;;;;;;;;;;;;;
;;;;;;;;;;;;;;;;;;;;;;;
;;;;;;;;;;;;;;;;;;;;;;;
;;;;;;;;;;;;;;;;;;;;;;;
;;;;;;;;;;;;;;;;;;;;;;;
;;;;;;;;;;;;;;;;;;;;;;;
;;;;;;;;;;;;;;;;;;;;;;;
;;;;;;;;;;;;;;;;;;;;;;;
;;;;;;;;;;;;;;;;;;;;;;;
;;;;;;;;;;;;;;;;;;;;;;;
;;;;;;;;;;;;;;;;;;;;;;;
;;;;;;;;;;;;;;;;;;;;;;;
;;;;;;;;;;;;;;;;;;;;;;;
;;;;;;;;;;;;;;;;;;;;;;;
;;;;;;;;;;;;;;;;;;;;;;;
;;;;;;;;;;;;;;;;;;;;;;;
;;;;;;;;;;;;;;;;;;;;;;;
;;;;;;;;;;;;;;;;;;;;;;;
;;;;;;;;;;;;;;;;;;;;;;;
;;;;;;;;;;;;;;;;;;;;;;;
;;;;;;;;;;;;;;;;;;;;;;;
;;;;;;;;;;;;;;;;;;;;;;;
;;;;;;;;;;;;;;;;;;;;;;;
;;;;;;;;;;;;;;;;;;;;;;;
;;;;;;;;;;;;;;;;;;;;;;;
;;;;;;;;;;;;;;;;;;;;;;;
;;;;;;;;;;;;;;;;;;;;;;;
;;;;;;;;;;;;;;;;;;;;;;;
;;;;;;;;;;;;;;;;;;;;;;;
;;;;;;;;;;;;;;;;;;;;;;;
;;;;;;;;;;;;;;;;;;;;;;;
;;;;;;;;;;;;;;;;;;;;;;;
;;;;;;;;;;;;;;;;;;;;;;;
;;;;;;;;;;;;;;;;;;;;;;;
;;;;;;;;;;;;;;;;;;;;;;;
;;;;;;;;;;;;;;;;;;;;;;;
;;;;;;;;;;;;;;;;;;;;;;;
;;;;;;;;;;;;;;;;;;;;;;;
;;;;;;;;;;;;;;;;;;;;;;;
;;;;;;;;;;;;;;;;;;;;;;;
;;;;;;;;;;;;;;;;;;;;;;;
;;;;;;;;;;;;;;;;;;;;;;;
;;;;;;;;;;;;;;;;;;;;;;;
;;;;;;;;;;;;;;;;;;;;;;;
;;;;;;;;;;;;;;;;;;;;;;;
;;;;;;;;;;;;;;;;;;;;;;;
;;;;;;;;;;;;;;;;;;;;;;;
;;;;;;;;;;;;;;;;;;;;;;;
;;;;;;;;;;;;;;;;;;;;;;;
;;;;;;;;;;;;;;;;;;;;;;;
;;;;;;;;;;;;;;;;;;;;;;;
;;;;;;;;;;;;;;;;;;;;;;;
;;;;;;;;;;;;;;;;;;;;;;;
;;;;;;;;;;;;;;;;;;;;;;;
;;;;;;;;;;;;;;;;;;;;;;;
;;;;;;;;;;;;;;;;;;;;;;;
;;;;;;;;;;;;;;;;;;;;;;;
;;;;;;;;;;;;;;;;;;;;;;;
;;;;;;;;;;;;;;;;;;;;;;;
;;;;;;;;;;;;;;;;;;;;;;;
;;;;;;;;;;;;;;;;;;;;;;;
;;;;;;;;;;;;;;;;;;;;;;;
;;;;;;;;;;;;;;;;;;;;;;;
;;;;;;;;;;;;;;;;;;;;;;;
;;;;;;;;;;;;;;;;;;;;;;;
;;;;;;;;;;;;;;;;;;;;;;;
;;;;;;;;;;;;;;;;;;;;;;;
;;;;;;;;;;;;;;;;;;;;;;;
;;;;;;;;;;;;;;;;;;;;;;;
;;;;;;;;;;;;;;;;;;;;;;;
;;;;;;;;;;;;;;;;;;;;;;;
;;;;;;;;;;;;;;;;;;;;;;;
;;;;;;;;;;;;;;;;;;;;;;;
;;;;;;;;;;;;;;;;;;;;;;;
;;;;;;;;;;;;;;;;;;;;;;;
;;;;;;;;;;;;;;;;;;;;;;;
;;;;;;;;;;;;;;;;;;;;;;;
;;;;;;;;;;;;;;;;;;;;;;;
;;;;;;;;;;;;;;;;;;;;;;;
;;;;;;;;;;;;;;;;;;;;;;;
;;;;;;;;;;;;;;;;;;;;;;;
;;;;;;;;;;;;;;;;;;;;;;;
;;;;;;;;;;;;;;;;;;;;;;;
;;;;;;;;;;;;;;;;;;;;;;;
;;;;;;;;;;;;;;;;;;;;;;;
;;;;;;;;;;;;;;;;;;;;;;;
;;;;;;;;;;;;;;;;;;;;;;;
;;;;;;;;;;;;;;;;;;;;;;;
;;;;;;;;;;;;;;;;;;;;;;;
;;;;;;;;;;;;;;;;;;;;;;;
;;;;;;;;;;;;;;;;;;;;;;;
;;;;;;;;;;;;;;;;;;;;;;;
;;;;;;;;;;;;;;;;;;;;;;;
;;;;;;;;;;;;;;;;;;;;;;;
;;;;;;;;;;;;;;;;;;;;;;;
;;;;;;;;;;;;;;;;;;;;;;;
;;;;;;;;;;;;;;;;;;;;;;;
;;;;;;;;;;;;;;;;;;;;;;;
;;;;;;;;;;;;;;;;;;;;;;;
;;;;;;;;;;;;;;;;;;;;;;;
;;;;;;;;;;;;;;;;;;;;;;;
;;;;;;;;;;;;;;;;;;;;;;;
;;;;;;;;;;;;;;;;;;;;;;;
;;;;;;;;;;;;;;;;;;;;;;;
;;;;;;;;;;;;;;;;;;;;;;;
;;;;;;;;;;;;;;;;;;;;;;;
;;;;;;;;;;;;;;;;;;;;;;;
;;;;;;;;;;;;;;;;;;;;;;;
;;;;;;;;;;;;;;;;;;;;;;;
;;;;;;;;;;;;;;;;;;;;;;;
;;;;;;;;;;;;;;;;;;;;;;;
;;;;;;;;;;;;;;;;;;;;;;;
;;;;;;;;;;;;;;;;;;;;;;;
;;;;;;;;;;;;;;;;;;;;;;;
;;;;;;;;;;;;;;;;;;;;;;;
;;;;;;;;;;;;;;;;;;;;;;;
;;;;;;;;;;;;;;;;;;;;;;;
;;;;;;;;;;;;;;;;;;;;;;;
;;;;;;;;;;;;;;;;;;;;;;;
;;;;;;;;;;;;;;;;;;;;;;;
;;;;;;;;;;;;;;;;;;;;;;;
;;;;;;;;;;;;;;;;;;;;;;;
;;;;;;;;;;;;;;;;;;;;;;;
;;;;;;;;;;;;;;;;;;;;;;;
;;;;;;;;;;;;;;;;;;;;;;;
;;;;;;;;;;;;;;;;;;;;;;;
;;;;;;;;;;;;;;;;;;;;;;;
;;;;;;;;;;;;;;;;;;;;;;;
;;;;;;;;;;;;;;;;;;;;;;;
;;;;;;;;;;;;;;;;;;;;;;;
;;;;;;;;;;;;;;;;;;;;;;;
;;;;;;;;;;;;;;;;;;;;;;;
;;;;;;;;;;;;;;;;;;;;;;;
;;;;;;;;;;;;;;;;;;;;;;;
;;;;;;;;;;;;;;;;;;;;;;;
;;;;;;;;;;;;;;;;;;;;;;;
;;;;;;;;;;;;;;;;;;;;;;;
;;;;;;;;;;;;;;;;;;;;;;;
;;;;;;;;;;;;;;;;;;;;;;;
;;;;;;;;;;;;;;;;;;;;;;;
;;;;;;;;;;;;;;;;;;;;;;;
;;;;;;;;;;;;;;;;;;;;;;;
;;;;;;;;;;;;;;;;;;;;;;;
;;;;;;;;;;;;;;;;;;;;;;;
;;;;;;;;;;;;;;;;;;;;;;;
;;;;;;;;;;;;;;;;;;;;;;;
;;;;;;;;;;;;;;;;;;;;;;;
;;;;;;;;;;;;;;;;;;;;;;;
;;;;;;;;;;;;;;;;;;;;;;;
;;;;;;;;;;;;;;;;;;;;;;;
;;;;;;;;;;;;;;;;;;;;;;;
;;;;;;;;;;;;;;;;;;;;;;;
;;;;;;;;;;;;;;;;;;;;;;;
;;;;;;;;;;;;;;;;;;;;;;;
;;;;;;;;;;;;;;;;;;;;;;;
;;;;;;;;;;;;;;;;;;;;;;;
;;;;;;;;;;;;;;;;;;;;;;;
;;;;;;;;;;;;;;;;;;;;;;;
;;;;;;;;;;;;;;;;;;;;;;;
;;;;;;;;;;;;;;;;;;;;;;;
;;;;;;;;;;;;;;;;;;;;;;;
;;;;;;;;;;;;;;;;;;;;;;;
;;;;;;;;;;;;;;;;;;;;;;;
;;;;;;;;;;;;;;;;;;;;;;;
;;;;;;;;;;;;;;;;;;;;;;;
;;;;;;;;;;;;;;;;;;;;;;;
;;;;;;;;;;;;;;;;;;;;;;;
;;;;;;;;;;;;;;;;;;;;;;;
;;;;;;;;;;;;;;;;;;;;;;;
;;;;;;;;;;;;;;;;;;;;;;;
;;;;;;;;;;;;;;;;;;;;;;;
;;;;;;;;;;;;;;;;;;;;;;;
;;;;;;;;;;;;;;;;;;;;;;;
;;;;;;;;;;;;;;;;;;;;;;;
;;;;;;;;;;;;;;;;;;;;;;;
;;;;;;;;;;;;;;;;;;;;;;;
;;;;;;;;;;;;;;;;;;;;;;;
;;;;;;;;;;;;;;;;;;;;;;;
;;;;;;;;;;;;;;;;;;;;;;;
;;;;;;;;;;;;;;;;;;;;;;;
;;;;;;;;;;;;;;;;;;;;;;;
;;;;;;;;;;;;;;;;;;;;;;;
;;;;;;;;;;;;;;;;;;;;;;;
;;;;;;;;;;;;;;;;;;;;;;;
;;;;;;;;;;;;;;;;;;;;;;;
;;;;;;;;;;;;;;;;;;;;;;;
;;;;;;;;;;;;;;;;;;;;;;;
;;;;;;;;;;;;;;;;;;;;;;;
;;;;;;;;;;;;;;;;;;;;;;;
;;;;;;;;;;;;;;;;;;;;;;;
;;;;;;;;;;;;;;;;;;;;;;;
;;;;;;;;;;;;;;;;;;;;;;;
;;;;;;;;;;;;;;;;;;;;;;;
;;;;;;;;;;;;;;;;;;;;;;;
;;;;;;;;;;;;;;;;;;;;;;;
;;;;;;;;;;;;;;;;;;;;;;;
;;;;;;;;;;;;;;;;;;;;;;;
;;;;;;;;;;;;;;;;;;;;;;;
;;;;;;;;;;;;;;;;;;;;;;;
;;;;;;;;;;;;;;;;;;;;;;;
;;;;;;;;;;;;;;;;;;;;;;;
;;;;;;;;;;;;;;;;;;;;;;;
;;;;;;;;;;;;;;;;;;;;;;;
;;;;;;;;;;;;;;;;;;;;;;;
;;;;;;;;;;;;;;;;;;;;;;;
;;;;;;;;;;;;;;;;;;;;;;;
;;;;;;;;;;;;;;;;;;;;;;;
;;;;;;;;;;;;;;;;;;;;;;;
;;;;;;;;;;;;;;;;;;;;;;;
;;;;;;;;;;;;;;;;;;;;;;;
;;;;;;;;;;;;;;;;;;;;;;;
;;;;;;;;;;;;;;;;;;;;;;;
;;;;;;;;;;;;;;;;;;;;;;;
;;;;;;;;;;;;;;;;;;;;;;;
;;;;;;;;;;;;;;;;;;;;;;;
;;;;;;;;;;;;;;;;;;;;;;;
;;;;;;;;;;;;;;;;;;;;;;;
;;;;;;;;;;;;;;;;;;;;;;;
;;;;;;;;;;;;;;;;;;;;;;;
;;;;;;;;;;;;;;;;;;;;;;;
;;;;;;;;;;;;;;;;;;;;;;;
;;;;;;;;;;;;;;;;;;;;;;;
;;;;;;;;;;;;;;;;;;;;;;;
;;;;;;;;;;;;;;;;;;;;;;;
;;;;;;;;;;;;;;;;;;;;;;;
;;;;;;;;;;;;;;;;;;;;;;;
;;;;;;;;;;;;;;;;;;;;;;;
;;;;;;;;;;;;;;;;;;;;;;;
;;;;;;;;;;;;;;;;;;;;;;;
;;;;;;;;;;;;;;;;;;;;;;;
;;;;;;;;;;;;;;;;;;;;;;;
;;;;;;;;;;;;;;;;;;;;;;;
;;;;;;;;;;;;;;;;;;;;;;;
;;;;;;;;;;;;;;;;;;;;;;;
;;;;;;;;;;;;;;;;;;;;;;;
;;;;;;;;;;;;;;;;;;;;;;;
;;;;;;;;;;;;;;;;;;;;;;;
;;;;;;;;;;;;;;;;;;;;;;;
;;;;;;;;;;;;;;;;;;;;;;;
;;;;;;;;;;;;;;;;;;;;;;;
;;;;;;;;;;;;;;;;;;;;;;;
;;;;;;;;;;;;;;;;;;;;;;;
;;;;;;;;;;;;;;;;;;;;;;;
;;;;;;;;;;;;;;;;;;;;;;;
;;;;;;;;;;;;;;;;;;;;;;;
;;;;;;;;;;;;;;;;;;;;;;;
;;;;;;;;;;;;;;;;;;;;;;;
;;;;;;;;;;;;;;;;;;;;;;;
;;;;;;;;;;;;;;;;;;;;;;;
;;;;;;;;;;;;;;;;;;;;;;;
;;;;;;;;;;;;;;;;;;;;;;;
;;;;;;;;;;;;;;;;;;;;;;;
;;;;;;;;;;;;;;;;;;;;;;;
;;;;;;;;;;;;;;;;;;;;;;;
;;;;;;;;;;;;;;;;;;;;;;;
;;;;;;;;;;;;;;;;;;;;;;;
;;;;;;;;;;;;;;;;;;;;;;;
;;;;;;;;;;;;;;;;;;;;;;;
;;;;;;;;;;;;;;;;;;;;;;;
;;;;;;;;;;;;;;;;;;;;;;;
;;;;;;;;;;;;;;;;;;;;;;;
;;;;;;;;;;;;;;;;;;;;;;;
;;;;;;;;;;;;;;;;;;;;;;;
;;;;;;;;;;;;;;;;;;;;;;;
;;;;;;;;;;;;;;;;;;;;;;;
;;;;;;;;;;;;;;;;;;;;;;;
;;;;;;;;;;;;;;;;;;;;;;;
;;;;;;;;;;;;;;;;;;;;;;;
;;;;;;;;;;;;;;;;;;;;;;;
;;;;;;;;;;;;;;;;;;;;;;;
;;;;;;;;;;;;;;;;;;;;;;;
;;;;;;;;;;;;;;;;;;;;;;;
;;;;;;;;;;;;;;;;;;;;;;;
;;;;;;;;;;;;;;;;;;;;;;;
;;;;;;;;;;;;;;;;;;;;;;;
;;;;;;;;;;;;;;;;;;;;;;;
;;;;;;;;;;;;;;;;;;;;;;;
;;;;;;;;;;;;;;;;;;;;;;;
;;;;;;;;;;;;;;;;;;;;;;;
;;;;;;;;;;;;;;;;;;;;;;;
;;;;;;;;;;;;;;;;;;;;;;;
;;;;;;;;;;;;;;;;;;;;;;;
;;;;;;;;;;;;;;;;;;;;;;;
;;;;;;;;;;;;;;;;;;;;;;;
;;;;;;;;;;;;;;;;;;;;;;;
;;;;;;;;;;;;;;;;;;;;;;;
;;;;;;;;;;;;;;;;;;;;;;;
;;;;;;;;;;;;;;;;;;;;;;;
;;;;;;;;;;;;;;;;;;;;;;;
;;;;;;;;;;;;;;;;;;;;;;;
;;;;;;;;;;;;;;;;;;;;;;;
;;;;;;;;;;;;;;;;;;;;;;;
;;;;;;;;;;;;;;;;;;;;;;;
;;;;;;;;;;;;;;;;;;;;;;;
;;;;;;;;;;;;;;;;;;;;;;;
;;;;;;;;;;;;;;;;;;;;;;;
;;;;;;;;;;;;;;;;;;;;;;;
;;;;;;;;;;;;;;;;;;;;;;;
;;;;;;;;;;;;;;;;;;;;;;;
;;;;;;;;;;;;;;;;;;;;;;;
;;;;;;;;;;;;;;;;;;;;;;;
;;;;;;;;;;;;;;;;;;;;;;;
;;;;;;;;;;;;;;;;;;;;;;;
;;;;;;;;;;;;;;;;;;;;;;;
;;;;;;;;;;;;;;;;;;;;;;;
;;;;;;;;;;;;;;;;;;;;;;;
;;;;;;;;;;;;;;;;;;;;;;;
;;;;;;;;;;;;;;;;;;;;;;;
;;;;;;;;;;;;;;;;;;;;;;;
;;;;;;;;;;;;;;;;;;;;;;;
;;;;;;;;;;;;;;;;;;;;;;;
;;;;;;;;;;;;;;;;;;;;;;;
;;;;;;;;;;;;;;;;;;;;;;;
;;;;;;;;;;;;;;;;;;;;;;;
;;;;;;;;;;;;;;;;;;;;;;;
;;;;;;;;;;;;;;;;;;;;;;;
;;;;;;;;;;;;;;;;;;;;;;;
;;;;;;;;;;;;;;;;;;;;;;;
;;;;;;;;;;;;;;;;;;;;;;;
;;;;;;;;;;;;;;;;;;;;;;;
;;;;;;;;;;;;;;;;;;;;;;;
;;;;;;;;;;;;;;;;;;;;;;;
;;;;;;;;;;;;;;;;;;;;;;;
;;;;;;;;;;;;;;;;;;;;;;;
;;;;;;;;;;;;;;;;;;;;;;;
;;;;;;;;;;;;;;;;;;;;;;;
;;;;;;;;;;;;;;;;;;;;;;;
;;;;;;;;;;;;;;;;;;;;;;;
;;;;;;;;;;;;;;;;;;;;;;;
;;;;;;;;;;;;;;;;;;;;;;;
;;;;;;;;;;;;;;;;;;;;;;;
;;;;;;;;;;;;;;;;;;;;;;;
;;;;;;;;;;;;;;;;;;;;;;;
;;;;;;;;;;;;;;;;;;;;;;;
;;;;;;;;;;;;;;;;;;;;;;;
;;;;;;;;;;;;;;;;;;;;;;;
;;;;;;;;;;;;;;;;;;;;;;;
;;;;;;;;;;;;;;;;;;;;;;;
;;;;;;;;;;;;;;;;;;;;;;;
;;;;;;;;;;;;;;;;;;;;;;;
;;;;;;;;;;;;;;;;;;;;;;;
;;;;;;;;;;;;;;;;;;;;;;;
;;;;;;;;;;;;;;;;;;;;;;;
;;;;;;;;;;;;;;;;;;;;;;;
;;;;;;;;;;;;;;;;;;;;;;;
;;;;;;;;;;;;;;;;;;;;;;;
;;;;;;;;;;;;;;;;;;;;;;;
;;;;;;;;;;;;;;;;;;;;;;;
;;;;;;;;;;;;;;;;;;;;;;;
;;;;;;;;;;;;;;;;;;;;;;;
;;;;;;;;;;;;;;;;;;;;;;;
;;;;;;;;;;;;;;;;;;;;;;;
;;;;;;;;;;;;;;;;;;;;;;;
;;;;;;;;;;;;;;;;;;;;;;;
;;;;;;;;;;;;;;;;;;;;;;;
;;;;;;;;;;;;;;;;;;;;;;;
;;;;;;;;;;;;;;;;;;;;;;;
;;;;;;;;;;;;;;;;;;;;;;;
;;;;;;;;;;;;;;;;;;;;;;;
;;;;;;;;;;;;;;;;;;;;;;;
;;;;;;;;;;;;;;;;;;;;;;;
;;;;;;;;;;;;;;;;;;;;;;;
;;;;;;;;;;;;;;;;;;;;;;;
;;;;;;;;;;;;;;;;;;;;;;;
;;;;;;;;;;;;;;;;;;;;;;;
;;;;;;;;;;;;;;;;;;;;;;;
;;;;;;;;;;;;;;;;;;;;;;;
;;;;;;;;;;;;;;;;;;;;;;;
;;;;;;;;;;;;;;;;;;;;;;;
;;;;;;;;;;;;;;;;;;;;;;;
;;;;;;;;;;;;;;;;;;;;;;;
;;;;;;;;;;;;;;;;;;;;;;;
;;;;;;;;;;;;;;;;;;;;;;;
;;;;;;;;;;;;;;;;;;;;;;;
;;;;;;;;;;;;;;;;;;;;;;;
;;;;;;;;;;;;;;;;;;;;;;;
;;;;;;;;;;;;;;;;;;;;;;;
;;;;;;;;;;;;;;;;;;;;;;;
;;;;;;;;;;;;;;;;;;;;;;;
;;;;;;;;;;;;;;;;;;;;;;;
;;;;;;;;;;;;;;;;;;;;;;;
;;;;;;;;;;;;;;;;;;;;;;;
;;;;;;;;;;;;;;;;;;;;;;;
;;;;;;;;;;;;;;;;;;;;;;;
;;;;;;;;;;;;;;;;;;;;;;;
;;;;;;;;;;;;;;;;;;;;;;;
;;;;;;;;;;;;;;;;;;;;;;;
;;;;;;;;;;;;;;;;;;;;;;;
;;;;;;;;;;;;;;;;;;;;;;;
;;;;;;;;;;;;;;;;;;;;;;;
;;;;;;;;;;;;;;;;;;;;;;;
;;;;;;;;;;;;;;;;;;;;;;;
;;;;;;;;;;;;;;;;;;;;;;;
;;;;;;;;;;;;;;;;;;;;;;;
;;;;;;;;;;;;;;;;;;;;;;;
;;;;;;;;;;;;;;;;;;;;;;;
;;;;;;;;;;;;;;;;;;;;;;;
;;;;;;;;;;;;;;;;;;;;;;;
;;;;;;;;;;;;;;;;;;;;;;;
;;;;;;;;;;;;;;;;;;;;;;;
;;;;;;;;;;;;;;;;;;;;;;;
;;;;;;;;;;;;;;;;;;;;;;;
;;;;;;;;;;;;;;;;;;;;;;;
;;;;;;;;;;;;;;;;;;;;;;;
;;;;;;;;;;;;;;;;;;;;;;;
;;;;;;;;;;;;;;;;;;;;;;;
;;;;;;;;;;;;;;;;;;;;;;;
;;;;;;;;;;;;;;;;;;;;;;;
;;;;;;;;;;;;;;;;;;;;;;;
;;;;;;;;;;;;;;;;;;;;;;;
;;;;;;;;;;;;;;;;;;;;;;;
;;;;;;;;;;;;;;;;;;;;;;;
;;;;;;;;;;;;;;;;;;;;;;;
;;;;;;;;;;;;;;;;;;;;;;;
;;;;;;;;;;;;;;;;;;;;;;;
;;;;;;;;;;;;;;;;;;;;;;;
;;;;;;;;;;;;;;;;;;;;;;;
;;;;;;;;;;;;;;;;;;;;;;;
;;;;;;;;;;;;;;;;;;;;;;;
;;;;;;;;;;;;;;;;;;;;;;;
;;;;;;;;;;;;;;;;;;;;;;;
;;;;;;;;;;;;;;;;;;;;;;;
;;;;;;;;;;;;;;;;;;;;;;;
;;;;;;;;;;;;;;;;;;;;;;;
;;;;;;;;;;;;;;;;;;;;;;;
;;;;;;;;;;;;;;;;;;;;;;;
;;;;;;;;;;;;;;;;;;;;;;;
;;;;;;;;;;;;;;;;;;;;;;;
;;;;;;;;;;;;;;;;;;;;;;;
;;;;;;;;;;;;;;;;;;;;;;;
;;;;;;;;;;;;;;;;;;;;;;;
;;;;;;;;;;;;;;;;;;;;;;;
;;;;;;;;;;;;;;;;;;;;;;;
;;;;;;;;;;;;;;;;;;;;;;;
;;;;;;;;;;;;;;;;;;;;;;;
;;;;;;;;;;;;;;;;;;;;;;;
;;;;;;;;;;;;;;;;;;;;;;;
;;;;;;;;;;;;;;;;;;;;;;;
;;;;;;;;;;;;;;;;;;;;;;;
;;;;;;;;;;;;;;;;;;;;;;;
;;;;;;;;;;;;;;;;;;;;;;;
;;;;;;;;;;;;;;;;;;;;;;;
;;;;;;;;;;;;;;;;;;;;;;;
;;;;;;;;;;;;;;;;;;;;;;;
;;;;;;;;;;;;;;;;;;;;;;;
;;;;;;;;;;;;;;;;;;;;;;;
;;;;;;;;;;;;;;;;;;;;;;;
;;;;;;;;;;;;;;;;;;;;;;;
;;;;;;;;;;;;;;;;;;;;;;;
;;;;;;;;;;;;;;;;;;;;;;;
;;;;;;;;;;;;;;;;;;;;;;;
;;;;;;;;;;;;;;;;;;;;;;;
;;;;;;;;;;;;;;;;;;;;;;;
;;;;;;;;;;;;;;;;;;;;;;;
;;;;;;;;;;;;;;;;;;;;;;;
;;;;;;;;;;;;;;;;;;;;;;;
;;;;;;;;;;;;;;;;;;;;;;;
;;;;;;;;;;;;;;;;;;;;;;;
;;;;;;;;;;;;;;;;;;;;;;;
;;;;;;;;;;;;;;;;;;;;;;;
;;;;;;;;;;;;;;;;;;;;;;;
;;;;;;;;;;;;;;;;;;;;;;;
;;;;;;;;;;;;;;;;;;;;;;;
;;;;;;;;;;;;;;;;;;;;;;;
;;;;;;;;;;;;;;;;;;;;;;;
;;;;;;;;;;;;;;;;;;;;;;;
;;;;;;;;;;;;;;;;;;;;;;;
;;;;;;;;;;;;;;;;;;;;;;;
;;;;;;;;;;;;;;;;;;;;;;;
;;;;;;;;;;;;;;;;;;;;;;;
;;;;;;;;;;;;;;;;;;;;;;;
;;;;;;;;;;;;;;;;;;;;;;;
;;;;;;;;;;;;;;;;;;;;;;;
;;;;;;;;;;;;;;;;;;;;;;;
;;;;;;;;;;;;;;;;;;;;;;;
;;;;;;;;;;;;;;;;;;;;;;;
;;;;;;;;;;;;;;;;;;;;;;;
;;;;;;;;;;;;;;;;;;;;;;;
;;;;;;;;;;;;;;;;;;;;;;;
;;;;;;;;;;;;;;;;;;;;;;;
;;;;;;;;;;;;;;;;;;;;;;;
;;;;;;;;;;;;;;;;;;;;;;;
;;;;;;;;;;;;;;;;;;;;;;;
;;;;;;;;;;;;;;;;;;;;;;;
;;;;;;;;;;;;;;;;;;;;;;;
;;;;;;;;;;;;;;;;;;;;;;;
;;;;;;;;;;;;;;;;;;;;;;;
;;;;;;;;;;;;;;;;;;;;;;;
;;;;;;;;;;;;;;;;;;;;;;;
;;;;;;;;;;;;;;;;;;;;;;;
;;;;;;;;;;;;;;;;;;;;;;;
;;;;;;;;;;;;;;;;;;;;;;;
;;;;;;;;;;;;;;;;;;;;;;;
;;;;;;;;;;;;;;;;;;;;;;;
;;;;;;;;;;;;;;;;;;;;;;;
;;;;;;;;;;;;;;;;;;;;;;;
;;;;;;;;;;;;;;;;;;;;;;;
;;;;;;;;;;;;;;;;;;;;;;;
;;;;;;;;;;;;;;;;;;;;;;;
;;;;;;;;;;;;;;;;;;;;;;;
;;;;;;;;;;;;;;;;;;;;;;;
;;;;;;;;;;;;;;;;;;;;;;;
;;;;;;;;;;;;;;;;;;;;;;;
;;;;;;;;;;;;;;;;;;;;;;;
;;;;;;;;;;;;;;;;;;;;;;;
;;;;;;;;;;;;;;;;;;;;;;;
;;;;;;;;;;;;;;;;;;;;;;;
;;;;;;;;;;;;;;;;;;;;;;;
;;;;;;;;;;;;;;;;;;;;;;;
;;;;;;;;;;;;;;;;;;;;;;;
;;;;;;;;;;;;;;;;;;;;;;;
;;;;;;;;;;;;;;;;;;;;;;;
;;;;;;;;;;;;;;;;;;;;;;;
;;;;;;;;;;;;;;;;;;;;;;;
;;;;;;;;;;;;;;;;;;;;;;;
;;;;;;;;;;;;;;;;;;;;;;;
;;;;;;;;;;;;;;;;;;;;;;;
;;;;;;;;;;;;;;;;;;;;;;;
;;;;;;;;;;;;;;;;;;;;;;;
;;;;;;;;;;;;;;;;;;;;;;;
;;;;;;;;;;;;;;;;;;;;;;;
;;;;;;;;;;;;;;;;;;;;;;;
;;;;;;;;;;;;;;;;;;;;;;;
;;;;;;;;;;;;;;;;;;;;;;;
;;;;;;;;;;;;;;;;;;;;;;;
;;;;;;;;;;;;;;;;;;;;;;;
;;;;;;;;;;;;;;;;;;;;;;;
;;;;;;;;;;;;;;;;;;;;;;;
;;;;;;;;;;;;;;;;;;;;;;;
;;;;;;;;;;;;;;;;;;;;;;;
;;;;;;;;;;;;;;;;;;;;;;;
;;;;;;;;;;;;;;;;;;;;;;;
;;;;;;;;;;;;;;;;;;;;;;;
;;;;;;;;;;;;;;;;;;;;;;;
;;;;;;;;;;;;;;;;;;;;;;;
;;;;;;;;;;;;;;;;;;;;;;;
;;;;;;;;;;;;;;;;;;;;;;;
;;;;;;;;;;;;;;;;;;;;;;;
;;;;;;;;;;;;;;;;;;;;;;;
;;;;;;;;;;;;;;;;;;;;;;;
;;;;;;;;;;;;;;;;;;;;;;;
;;;;;;;;;;;;;;;;;;;;;;;
;;;;;;;;;;;;;;;;;;;;;;;
;;;;;;;;;;;;;;;;;;;;;;;
;;;;;;;;;;;;;;;;;;;;;;;
;;;;;;;;;;;;;;;;;;;;;;;
;;;;;;;;;;;;;;;;;;;;;;;
;;;;;;;;;;;;;;;;;;;;;;;
;;;;;;;;;;;;;;;;;;;;;;;
;;;;;;;;;;;;;;;;;;;;;;;
;;;;;;;;;;;;;;;;;;;;;;;
;;;;;;;;;;;;;;;;;;;;;;;
;;;;;;;;;;;;;;;;;;;;;;;
;;;;;;;;;;;;;;;;;;;;;;;
;;;;;;;;;;;;;;;;;;;;;;;
;;;;;;;;;;;;;;;;;;;;;;;
;;;;;;;;;;;;;;;;;;;;;;;
;;;;;;;;;;;;;;;;;;;;;;;
;;;;;;;;;;;;;;;;;;;;;;;
;;;;;;;;;;;;;;;;;;;;;;;
;;;;;;;;;;;;;;;;;;;;;;;
;;;;;;;;;;;;;;;;;;;;;;;
;;;;;;;;;;;;;;;;;;;;;;;
;;;;;;;;;;;;;;;;;;;;;;;
;;;;;;;;;;;;;;;;;;;;;;;
;;;;;;;;;;;;;;;;;;;;;;;
;;;;;;;;;;;;;;;;;;;;;;;
;;;;;;;;;;;;;;;;;;;;;;;
;;;;;;;;;;;;;;;;;;;;;;;
;;;;;;;;;;;;;;;;;;;;;;;
;;;;;;;;;;;;;;;;;;;;;;;
;;;;;;;;;;;;;;;;;;;;;;;
;;;;;;;;;;;;;;;;;;;;;;;
;;;;;;;;;;;;;;;;;;;;;;;
;;;;;;;;;;;;;;;;;;;;;;;
;;;;;;;;;;;;;;;;;;;;;;;
;;;;;;;;;;;;;;;;;;;;;;;
;;;;;;;;;;;;;;;;;;;;;;;
;;;;;;;;;;;;;;;;;;;;;;;
;;;;;;;;;;;;;;;;;;;;;;;
;;;;;;;;;;;;;;;;;;;;;;;
;;;;;;;;;;;;;;;;;;;;;;;
;;;;;;;;;;;;;;;;;;;;;;;
;;;;;;;;;;;;;;;;;;;;;;;
;;;;;;;;;;;;;;;;;;;;;;;
;;;;;;;;;;;;;;;;;;;;;;;
;;;;;;;;;;;;;;;;;;;;;;;
;;;;;;;;;;;;;;;;;;;;;;;
;;;;;;;;;;;;;;;;;;;;;;;
;;;;;;;;;;;;;;;;;;;;;;;
;;;;;;;;;;;;;;;;;;;;;;;
;;;;;;;;;;;;;;;;;;;;;;;
;;;;;;;;;;;;;;;;;;;;;;;
;;;;;;;;;;;;;;;;;;;;;;;
;;;;;;;;;;;;;;;;;;;;;;;
;;;;;;;;;;;;;;;;;;;;;;;
;;;;;;;;;;;;;;;;;;;;;;;
;;;;;;;;;;;;;;;;;;;;;;;
;;;;;;;;;;;;;;;;;;;;;;;
;;;;;;;;;;;;;;;;;;;;;;;
;;;;;;;;;;;;;;;;;;;;;;;
;;;;;;;;;;;;;;;;;;;;;;;
;;;;;;;;;;;;;;;;;;;;;;;
;;;;;;;;;;;;;;;;;;;;;;;
;;;;;;;;;;;;;;;;;;;;;;;
;;;;;;;;;;;;;;;;;;;;;;;
;;;;;;;;;;;;;;;;;;;;;;;
;;;;;;;;;;;;;;;;;;;;;;;
;;;;;;;;;;;;;;;;;;;;;;;
;;;;;;;;;;;;;;;;;;;;;;;
;;;;;;;;;;;;;;;;;;;;;;;
;;;;;;;;;;;;;;;;;;;;;;;
;;;;;;;;;;;;;;;;;;;;;;;
;;;;;;;;;;;;;;;;;;;;;;;
;;;;;;;;;;;;;;;;;;;;;;;
;;;;;;;;;;;;;;;;;;;;;;;
;;;;;;;;;;;;;;;;;;;;;;;
;;;;;;;;;;;;;;;;;;;;;;;
;;;;;;;;;;;;;;;;;;;;;;;
;;;;;;;;;;;;;;;;;;;;;;;
;;;;;;;;;;;;;;;;;;;;;;;
;;;;;;;;;;;;;;;;;;;;;;;
;;;;;;;;;;;;;;;;;;;;;;;
;;;;;;;;;;;;;;;;;;;;;;;
;;;;;;;;;;;;;;;;;;;;;;;
;;;;;;;;;;;;;;;;;;;;;;;
;;;;;;;;;;;;;;;;;;;;;;;
;;;;;;;;;;;;;;;;;;;;;;;
;;;;;;;;;;;;;;;;;;;;;;;
;;;;;;;;;;;;;;;;;;;;;;;
;;;;;;;;;;;;;;;;;;;;;;;
;;;;;;;;;;;;;;;;;;;;;;;
;;;;;;;;;;;;;;;;;;;;;;;
;;;;;;;;;;;;;;;;;;;;;;;
;;;;;;;;;;;;;;;;;;;;;;;
;;;;;;;;;;;;;;;;;;;;;;;
;;;;;;;;;;;;;;;;;;;;;;;
